frame_index,filename,timestamp,found,x,y,r,score,inliers,flow_dx,flow_dy,flow_dist,flow_n,ransac_vs_flow_error,motion_dx,motion_dy,motion_dist,motion_angle_deg,motion_direction,motion_speed,rotation_label,rotation_score,mean_ang_deg,ccw_fraction,cw_fraction,rot_n,x_smooth,y_smooth,r_smooth,jump_flag,dx,dy,dr,dist_moved,dx_smooth,dy_smooth,dr_smooth,dist_moved_smooth,good_detection,true_x,true_y
1,ida_full_20210829_1000.png,2021-08-29T10:00:00,True,2057.712402,1262.891357,94.86387634,237.693512,242,,,,0,,,,,,,,Uncertain,,,,,0,2057.712402,1262.891357,94.86387634,False,,,,,,,,,0,2041,1250
2,ida_full_20210829_1010.png,2021-08-29T10:10:00,True,2069.038818,1257.877319,90.6955719,221.2685852,253,0.39831543,-0.572177887,0.697167638,47,11.79633436,11.32641602,-5.014038086,12.38661688,-23.87826881,NE,1.238661688,CCW,0.8625,0.59644809,0.8625,0.1375,80,2061.676648,1261.136444,93.40496979,False,11.32641602,-5.014038086,-4.168304443,12.38661688,3.964245605,-1.75491333,-1.458906555,4.335315907,0,2043,1255
3,ida_full_20210829_1020.png,2021-08-29T10:20:00,True,2057.148682,1262.194946,72.25930786,226.9785309,257,0.20173645,-1.119354248,1.137388029,50,5.207028604,-4.527966309,1.058502197,4.650043633,166.8422585,W,0.465004363,CCW,0.9,0.679495976,0.9,0.1,80,2060.09186,1261.50692,86.00398811,False,-11.89013672,4.317626953,-18.43626404,12.64979263,-1.584788208,0.370475769,-7.400981674,1.627515272,0,2040,1257
4,ida_full_20210829_1030.png,2021-08-29T10:30:00,True,2052.523193,1273.137939,71.55588531,220.6178284,255,1.38483429,-1.563171387,2.08836558,49,15.94527673,-7.568666382,11.63101959,13.87679097,123.0533059,SW,1.387679097,CCW,0.9125,0.881503645,0.9125,0.0875,80,2057.442827,1265.577777,80.94715213,False,-4.625488281,10.94299316,-0.703422546,11.88041419,-2.649033234,4.070856857,-5.056835979,4.856876839,0,2038,1259
5,ida_full_20210829_1040.png,2021-08-29T10:40:00,True,2049.684326,1261.557617,59.60266876,160.0486145,194,1.797859192,-0.770240784,1.955906066,48,10.09385849,-7.758500336,-4.020159531,8.738192611,-152.6085286,NW,0.873819261,CCW,0.9375,1.122618086,0.9375,0.0625,80,2054.727351,1264.170721,73.47658295,False,-2.838867188,-11.58032227,-11.95321655,11.92321394,-2.715475117,-1.407055836,-7.47056918,3.058367414,0,2037,1258
6,ida_full_20210829_1050.png,2021-08-29T10:50:00,True,2040.604614,1261.257813,58.6316185,126.321991,163,2.338897705,-0.61265564,2.417806735,30,16.62156985,-14.12273713,-2.912908382,14.42001177,-168.3457942,W,1.442001177,CCW,0.9875,0.990607982,0.9875,0.0125,80,2049.784393,1263.151203,68.28084539,False,-9.079711914,-0.299804688,-0.971050262,9.084660219,-4.942957996,-1.019517934,-5.195737559,5.047004118,0,2044,1264
7,ida_full_20210829_1100.png,2021-08-29T11:00:00,True,2039.415649,1261.897583,60.75183487,157.8501892,185,2.258340836,-0.605838776,2.338192454,26,12.64368978,-10.36874398,-1.253619941,10.44425271,-173.1061865,W,1.044425271,CCW,0.95,1.487462058,0.95,0.05,80,2046.155333,1262.712436,65.64569171,False,-1.188964844,0.639770508,2.12021637,1.350164324,-3.629060393,-0.438766979,-2.635153684,3.655488449,0,2035,1268
8,ida_full_20210829_1110.png,2021-08-29T11:10:00,True,2023.077515,1258.222778,61.97612762,179.1492615,220,2.591972351,-0.82087326,2.718851518,21,25.93064083,-23.07781835,-4.489657649,23.51048119,-168.9909473,W,2.351048119,CCW,0.975,1.618565976,0.975,0.025,80,2038.078097,1261.141056,64.36134428,False,-16.33813477,-3.674804688,1.224292755,16.74630816,-8.077236423,-1.571380177,-1.28434743,8.228668416,0,2038,1267
9,ida_full_20210829_1120.png,2021-08-29T11:20:00,True,2039.26062,1256.5,61.27892685,196.8221588,214,0.618968964,-0.808055878,1.017878617,14,3.874207287,1.18252354,-4.641055792,4.789338241,-75.70541078,N,0.478933824,CCW,0.9625,1.488792882,0.9625,0.0375,80,2038.49198,1259.516686,63.28249818,False,16.18310547,-1.72277832,-0.697200775,16.27454662,0.413883239,-1.624369527,-1.078846101,1.676268384,0,2038,1262
10,ida_full_20210829_1130.png,2021-08-29T11:30:00,True,2037.718872,1257.618286,61.38784027,224.999527,239,-1.291397095,-0.05115509,1.292409881,10,1.918577101,-0.773107746,-1.898400132,2.049785025,-112.1582038,N,0.204978502,CCW,0.95,1.608758325,0.95,0.05,80,2038.221392,1258.852246,62.61936791,False,-1.541748047,1.118286133,0.108913422,1.904613062,-0.270587711,-0.664440046,-0.663130268,0.717424759,0,2039,1277
11,ida_full_20210829_1140.png,2021-08-29T11:40:00,True,2022.003296,1266.502197,64.92102814,219.6225281,255,2.14389801,-2.330699921,3.16677451,21,20.89919198,-16.21809621,7.649951047,17.93177056,154.7471092,SW,1.793177056,CCW,0.935064935,1.325616786,0.935064935,0.064935065,77,2032.545058,1261.529729,63.42494899,False,-15.71557617,8.883911133,3.533187866,18.05278957,-5.676333672,2.677482866,0.805581079,6.276119698,0,2053,1266
12,ida_full_20210829_1150.png,2021-08-29T11:50:00,True,2037.561279,1256.134033,64.36425781,260.7718811,279,-1.61085701,-0.400362968,1.659864697,16,8.298886194,5.016220864,-5.395695882,7.367225109,-47.08729076,NE,0.736722511,CCW,0.987341772,1.332305314,0.987341772,0.012658228,79,2034.300736,1259.641236,63.75370708,False,15.5579834,-10.36816406,-0.556770325,18.69624758,1.755677302,-1.888493559,0.328758088,2.578528788,0,2051,1262
13,ida_full_20210829_1200.png,2021-08-29T12:00:00,True,2039.628906,1254.337402,66.84237671,255.7524567,278,-1.203170776,-0.820632935,1.456385365,12,7.921963363,5.328170515,-5.303833183,7.517981608,-44.86884655,NE,0.751798161,CCW,1.0,1.941467798,1.0,0.0,79,2036.165595,1257.784894,64.83474145,False,2.067626953,-1.796630859,2.478118896,2.739153822,1.86485968,-1.856341614,1.081034371,2.631293563,0,2047,1261
14,ida_full_20210829_1210.png,2021-08-29T12:10:00,True,2033.279541,1246.602173,62.47296143,208.6752777,238,-1.349439621,0.561638117,1.461651349,14,11.84445682,-2.8860544,-11.18272106,11.54913678,-104.4712111,N,1.154913678,CCW,1.0,2.063852414,1.0,0.0,80,2035.155476,1253.870942,64.00811844,False,-6.349365234,-7.735229492,-4.369415283,10.00740796,-1.01011904,-3.913952371,-0.826623008,4.042197872,0,2053,1255
15,ida_full_20210829_1220.png,2021-08-29T12:20:00,True,2027.260132,1255.094849,45.00397873,118.3111115,150,-0.305215359,0.774974823,0.832911995,14,7.603394056,-7.89534454,1.223907092,7.98964417,171.188355,W,0.798964417,CCW,0.8375,1.779496452,0.8375,0.1625,80,2032.392106,1254.299309,57.35666954,False,-6.01940918,8.492675781,-17.4689827,10.40955469,-2.763370589,0.428367482,-6.651448899,2.79637546,0,2027,1261
16,ida_full_20210829_1230.png,2021-08-29T12:30:00,True,2029.744141,1257.558105,53.31176758,146.8978882,162,-0.674613953,-0.394882202,0.781687878,7,4.152527261,-2.647965162,3.258796446,4.19898485,129.0959033,SW,0.419898485,CCW,0.873417722,1.757880473,0.873417722,0.126582278,79,2031.465318,1255.439888,55.94095385,False,2.484008789,2.463256836,8.307788849,3.498275847,-0.926787807,1.140578756,-1.415715687,1.469644698,0,2015,1256
17,ida_full_20210829_1240.png,2021-08-29T12:40:00,True,2017.672852,1247.338745,57.34079361,220.2263947,254,-0.720773697,-0.599624634,0.937584355,8,15.07122833,-13.79246642,-8.101142662,15.99564448,-149.5717291,NW,1.599564448,CCW,0.875,1.710596022,0.875,0.125,80,2026.637955,1252.604488,56.43089777,False,-12.07128906,-10.21936035,4.029026031,15.81617355,-4.827363246,-2.835399932,0.489943914,5.598475568,0,2026,1248
18,ida_full_20210829_1250.png,2021-08-29T12:50:00,True,2018.359131,1246.743042,57.86974716,264.8935852,285,-1.130491257,-0.508375168,1.23953854,2,8.930510904,-8.278823875,-5.861445855,10.14374055,-144.7013285,NW,1.014374055,CCW,0.936708861,1.94523855,0.936708861,0.063291139,79,2023.740366,1250.552982,56.93449506,False,0.686279297,-0.595703125,0.528953552,0.908758211,-2.897588356,-2.051506049,0.503597288,3.550309191,0,2038,1269
19,ida_full_20210829_1300.png,2021-08-29T13:00:00,True,2032.310425,1259.618042,53.27062225,148.7963562,173,-0.8235569,-0.456668854,0.941696559,2,13.37547506,8.570058427,9.065060194,12.47482336,46.60781834,SE,1.247482336,CCW,0.925,2.575469215,0.925,0.075,80,2026.739887,1253.725753,55.65213958,False,13.95129395,12.875,-4.599124908,18.98431531,2.999520449,3.172771068,-1.282355481,4.366188175,0,2034,1253
20,ida_full_20210829_1310.png,2021-08-29T13:10:00,True,2013.470093,1230.565186,51.28197479,177.1654968,222,1.228057861,-0.8014431,1.46643689,6,26.64804207,-13.26979405,-23.16056732,26.69268276,-119.8104534,NW,2.669268276,CCW,0.9875,2.169423101,0.9875,0.0125,80,2022.095459,1245.619554,54.1225819,False,-18.84033203,-29.05285645,-1.988647461,34.62696317,-4.644427919,-8.106198562,-1.529557674,9.342438965,1,2023,1238
21,ida_full_20210829_1320.png,2021-08-29T13:20:00,True,2010.263306,1231.335938,54.98804092,203.1115723,235,-1.534599304,-0.644939423,1.664614635,5,17.08956225,-11.83215324,-14.2836168,18.54781818,-129.6374111,NW,1.854781818,CCW,0.883116883,2.496039005,0.883116883,0.116883117,77,2017.954205,1240.620288,54.42549256,False,-3.206787109,0.770751953,3.706066132,3.298111905,-4.141253636,-4.999265882,0.302910658,6.491736365,1,2033,1237
22,ida_full_20210829_1330.png,2021-08-29T13:30:00,True,2009.366699,1237.231689,47.85713959,156.9204865,175,-0.68624115,-0.651157379,0.946008905,9,8.362031664,-8.587506054,-3.38859897,9.231893804,-158.4659864,W,0.92318938,CCW,0.95,3.00925678,0.95,0.05,80,2014.948578,1239.434279,52.12656902,False,-0.896606445,5.895751953,-7.130901337,5.963538732,-3.005627119,-1.186009639,-2.29892354,3.231162831,1,2014,1236
23,ida_full_20210829_1340.png,2021-08-29T13:40:00,True,2008.473389,1238.217651,51.91826248,194.7074432,207,-0.393562317,-0.836997986,0.924909144,5,6.093464325,-6.475189482,-1.216627416,6.5884946,-169.3587251,W,0.65884946,CCW,0.831168831,2.240426913,0.831168831,0.168831169,77,2012.682262,1239.008459,52.05366173,False,-0.893310547,0.985961914,4.061122894,1.330460307,-2.266316319,-0.425819596,-0.072907288,2.30597311,1,2013,1246
24,ida_full_20210829_1350.png,2021-08-29T13:50:00,True,2019.362549,1232.443115,44.89625549,91.74084473,114,0.278094053,-1.366713524,1.394719384,8,8.247049944,6.680286993,-6.565343953,9.36642811,-44.50281072,NE,0.936642811,CCW,0.975,3.444307101,0.975,0.025,80,2015.020362,1236.710589,49.54856955,False,10.88916016,-5.774536133,-7.022006989,12.32554569,2.338100448,-2.297870384,-2.505092183,3.278249838,1,2022,1238
25,ida_full_20210829_1400.png,2021-08-29T14:00:00,True,2020.041138,1230.404541,46.27992249,115.5263901,136,-3.85282135,0.59525919,3.898533809,5,11.24138592,5.020775413,-6.306047788,8.060671464,-51.47375173,NE,0.806067146,CCW,0.875,2.799676236,0.875,0.125,80,2016.777634,1234.503472,48.40454308,False,0.678588867,-2.038574219,1.383666992,2.148550138,1.757271394,-2.207116726,-1.144026472,2.821235012,1,2022,1239
26,ida_full_20210829_1410.png,2021-08-29T14:10:00,True,2017.322266,1231.495605,45.93283844,95.94139862,107,-1.212875366,-1.244953156,1.738095226,5,2.489316333,0.544631948,-3.007866609,3.056776979,-79.73670024,N,0.305677698,CCW,0.9,2.819174058,0.9,0.1,80,2016.968255,1233.450719,47.53944645,False,-2.71887207,1.091064453,-0.347084045,2.929622326,0.190621182,-1.052753313,-0.865096623,1.069871943,1,2014,1241
27,ida_full_20210829_1420.png,2021-08-29T14:20:00,True,2019.918701,1230.861572,45.43745041,96.992836,111,-1.721675873,-0.874762535,1.931159575,7,4.976729659,2.950446313,-2.589146499,3.925406099,-41.2683762,NE,0.39254061,CCW,0.936708861,2.555435151,0.936708861,0.063291139,79,2018.000911,1232.544517,46.80374784,False,2.596435547,-0.634033203,-0.495388031,2.672728129,1.03265621,-0.906201275,-0.735698616,1.373892135,1,2016,1239
28,ida_full_20210829_1430.png,2021-08-29T14:30:00,True,2016.457397,1231.267212,46.71569824,79.73305511,87,-0.747741699,0.105773926,0.755185919,4,1.595669715,-1.543513607,-1.277305576,2.003482915,-140.3911844,NW,0.200348292,CCW,0.906666667,2.201097106,0.906666667,0.093333333,75,2017.460681,1232.097461,46.77293048,False,-3.461303711,0.405639648,1.278247833,3.484991665,-0.540229763,-0.447056952,-0.030817358,0.70121902,1,2015,1239
29,ida_full_20210829_1440.png,2021-08-29T14:40:00,True,2017.019409,1231.844604,48.88638687,87.23110199,95,-0.241188049,-0.703897476,0.744072128,4,0.493428829,-0.441272126,-0.252856046,0.508583591,-150.1865954,NW,0.050858359,CCW,0.884615385,1.93668986,0.884615385,0.115384615,78,2017.306236,1232.008961,47.51264022,False,0.562011719,0.577392578,2.170688629,0.805753909,-0.154445244,-0.088499616,0.739709737,0.178004257,1,2019,1236
30,ida_full_20210829_1450.png,2021-08-29T14:50:00,True,2016.0,1231.680908,49.93182373,100.9003296,108,-1.043395996,-1.244840622,1.624285498,2,0.953721636,-1.306236062,-0.328052719,1.34680037,-165.9021085,W,0.134680037,CCW,0.95,2.527276284,0.95,0.05,80,2016.849053,1231.894142,48.35935445,False,-1.01940918,-0.163696289,1.045436859,1.032468668,-0.457182622,-0.114818452,0.84671423,0.471380129,1,2016,1232
1,ian_full_20220928_1200.png,2022-09-28T12:00:00,True,2335.091553,1356.425171,90.76306152,207.0939789,223,,,,0,,,,,,,,Uncertain,,,,,0,2335.091553,1356.425171,90.76306152,False,,,,,,,,,1,2332,1344
2,ian_full_20220928_1210.png,2022-09-28T12:10:00,True,2303.116943,1356.687988,80.71578979,119.4117813,178,1.69115448,1.376590252,2.180597211,46,33.68418243,-31.97460938,0.262817383,31.97568948,179.5290642,W,3.197568948,CCW,0.6375,0.844366117,0.6375,0.3625,80,2323.900439,1356.517157,87.24651642,False,-31.97460938,0.262817383,-10.04727173,31.97568948,-11.19111328,0.091986084,-3.516545105,11.19149132,1,2333,1347
3,ian_full_20220928_1220.png,2022-09-28T12:20:00,True,2308.272705,1352.818237,82.92832947,129.4151459,165,-0.851470947,-1.117141724,1.404638176,49,15.00011794,-15.62773437,-3.698919678,16.05951707,-166.6837516,W,1.605951707,CW,0.675,-0.336334168,0.325,0.675,80,2318.430732,1355.222535,85.73515099,False,5.155761719,-3.869750977,2.212539673,6.446460387,-5.469707031,-1.294621887,-1.511365433,5.620830974,1,2330,1347
4,ian_full_20220928_1230.png,2022-09-28T12:30:00,True,2310.602783,1353.178101,79.7486496,140.2541351,168,-0.593727589,-0.285083771,0.658623721,50,7.445084124,-7.827949219,-2.044434509,8.090519231,-165.3629486,W,0.809051923,CW,0.725,-0.53799202,0.275,0.725,80,2315.69095,1354.506983,83.6398755,False,2.330078125,0.359863281,-3.179679871,2.357703469,-2.739782227,-0.715552078,-2.095275486,2.831681731,1,2326,1345
5,ian_full_20220928_1240.png,2022-09-28T12:40:00,True,2314.467773,1365.5,78.48207855,149.4894867,178,-1.391420841,-0.354883194,1.435964498,50,11.3491473,-1.223176758,10.99301698,11.06085818,96.34910061,S,1.106085818,CW,0.7375,-0.554046109,0.2625,0.7375,80,2315.262838,1358.354539,81.83464657,False,3.864990234,12.32189941,-1.266571045,12.91384353,-0.428111865,3.847555944,-1.805228932,3.871300364,1,2336,1343
6,ian_full_20220928_1250.png,2022-09-28T12:50:00,True,2313.446289,1346.47644,78.88829041,141.957489,175,-0.778744221,-0.454251289,0.90154689,50,11.47089034,-1.816549268,-11.87809853,12.01620056,-98.69502637,N,1.201620056,CW,0.7125,-0.358013674,0.2875,0.7125,80,2314.627046,1354.197204,80.80342191,False,-1.021484375,-19.02355957,0.406211853,19.05096452,-0.635792244,-4.157334486,-1.031224657,4.205670197,1,2334,1338
7,ian_full_20220928_1300.png,2022-09-28T13:00:00,True,2321.050537,1350.699341,78.95952606,186.503418,209,-0.197975159,-0.032112122,0.200562588,50,7.473636871,6.423491023,-3.497863655,7.314115604,-28.5701688,NE,0.73141156,Uncertain,0.5875,-0.208041273,0.4125,0.5875,80,2316.875268,1352.972952,80.15805836,False,7.604248047,4.222900391,0.071235657,8.698130608,2.248221858,-1.224252279,-0.645363547,2.559940461,1,2342,1338
8,ian_full_20220928_1310.png,2022-09-28T13:10:00,True,2328.859619,1345.927002,77.94913483,131.4428558,164,0.212661743,-0.371362209,0.427942645,32,13.53228724,11.9843512,-7.045950243,13.90216129,-30.45251456,NE,1.390216129,Uncertain,0.55,-0.106593508,0.45,0.55,80,2321.069791,1350.50687,79.38493513,False,7.809082031,-4.772338867,-1.010391235,9.151883983,4.194522919,-2.466082585,-0.773123238,4.86575645,1,2339,1336
9,ian_full_20220928_1320.png,2022-09-28T13:20:00,True,2330.2854,1348.098145,81.5138092,146.4945068,174,-0.244621277,-0.28055191,0.372221632,21,9.696653439,9.215609528,-2.40872508,9.525198973,-14.64795644,E,0.952519897,Uncertain,0.5375,-0.131725775,0.4625,0.5375,80,2324.295254,1349.663816,80.13004105,False,1.42578125,2.171142578,3.564674377,2.59744341,3.225463335,-0.843053778,0.745105927,3.333819641,1,2337,1338
10,ian_full_20220928_1330.png,2022-09-28T13:30:00,True,2331.719727,1344.570068,82.72177124,167.4931793,196,-0.185043335,-1.022657394,1.039263769,27,8.630092909,7.424472365,-5.093747474,9.003835473,-34.45305807,NE,0.900383547,Uncertain,0.575,0.134080967,0.575,0.425,80,2326.89382,1347.881004,81.03714662,False,1.434326172,-3.528076172,1.207962036,3.808492227,2.598565328,-1.782811616,0.907105565,3.151342415,1,2339,1341
11,ian_full_20220928_1340.png,2022-09-28T13:40:00,True,2331.455811,1352.360596,84.26363373,163.1478119,188,0.543121338,-0.300094604,0.620513948,21,6.244734795,4.561991021,4.479591486,6.393629795,44.47785524,SE,0.63936298,Uncertain,0.525,-0.062454985,0.475,0.525,80,2328.490516,1349.448861,82.16641711,False,-0.263916016,7.790527344,1.541862488,7.794996341,1.596696858,1.56785702,1.129270488,2.237770428,1,2341,1336
12,ian_full_20220928_1350.png,2022-09-28T13:50:00,True,2337.266602,1331.185303,77.39797974,119.7061081,166,-0.41342926,0.033782959,0.414807234,41,20.47534811,8.77608518,-18.2635585,20.26270565,-64.33458034,NE,2.026270565,Uncertain,0.55,-0.137027858,0.45,0.55,80,2331.562146,1343.056616,80.49746403,False,5.810791016,-21.17529297,-6.865653992,21.95810385,3.071629813,-6.392245476,-1.66895308,7.091946978,1,2337,1336
13,ian_full_20220928_1400.png,2022-09-28T14:00:00,True,2360.843994,1334.260498,84.34810638,96.94307709,149,0.184623718,-0.692993164,0.717164864,29,30.20445472,29.28184794,-8.796117714,30.57447147,-16.71999974,E,3.057447147,CW,0.625,-0.269814387,0.375,0.625,80,2341.810793,1339.977975,81.84518885,False,23.57739258,3.075195313,6.950126648,23.77709543,10.24864678,-3.0786412,1.347724825,10.70106502,1,2338,1342
14,ian_full_20220928_1410.png,2022-09-28T14:10:00,True,2332.922119,1333.388916,82.00177002,151.5065155,179,0.653186798,0.129631042,0.665925822,20,11.6699569,-8.888673836,-6.589058546,11.06454767,-143.4509397,NW,1.106454767,CCW,0.825,0.587399669,0.825,0.175,80,2338.699757,1337.671804,81.89999226,False,-27.921875,-0.871582031,-2.346336365,27.93547492,-3.111035843,-2.306170491,0.054803409,3.872591683,1,2337,1340
15,ian_full_20220928_1420.png,2022-09-28T14:20:00,True,2343.776123,1322.210449,79.98594666,134.4638519,170,-0.341583252,0.166027069,0.379794821,34,16.53992862,5.076365913,-15.46135485,16.27338271,-71.8236433,N,1.627338271,CCW,0.6125,0.247626751,0.6125,0.3875,80,2340.476485,1332.26033,81.2300763,False,10.85400391,-11.1784668,-2.015823364,15.58099871,1.77672807,-5.411474198,-0.669915962,5.695683947,1,2338,1343
16,ian_full_20220928_1430.png,2022-09-28T14:30:00,True,2337.5,1322.790283,79.34999847,120.903183,148,1.821846008,-0.416107178,1.868761103,26,10.24684355,-2.976485203,-9.470046669,9.926794451,-107.4482061,N,0.992679445,Uncertain,0.5625,0.264233177,0.5625,0.4375,80,2339.434715,1328.945814,80.57204906,False,-6.276123047,0.579833984,-0.635948181,6.30285078,-1.041769821,-3.314516334,-0.658027239,3.474378058,1,2342,1341
17,ian_full_20220928_1440.png,2022-09-28T14:40:00,True,2339.105713,1318.123169,77.32938385,136.3984985,168,-0.159301758,-1.23299408,1.243242314,31,9.591151928,-0.329002492,-10.82264459,10.82764419,-91.7412242,N,1.082764419,CCW,0.65,0.671142642,0.65,0.35,80,2339.319565,1325.157888,79.43711624,False,1.605712891,-4.667114258,-2.020614624,4.935612361,-0.115150872,-3.787925607,-1.134932824,3.789675465,1,2342,1345
18,ian_full_20220928_1450.png,2022-09-28T14:50:00,True,2342.857666,1319.972412,79.85768127,161.8234253,185,0.354793549,-0.584358215,0.683632201,16,5.594973885,3.538101505,-5.185475821,6.27752513,-55.6938947,NE,0.627752513,CCW,0.7,0.654163084,0.7,0.3,80,2340.5579,1323.342971,79.584314,False,3.751953125,1.849243164,2.528297424,4.182923921,1.238335527,-1.814916537,0.147197763,2.197133795,1,2339,1336
19,ian_full_20220928_1500.png,2022-09-28T15:00:00,True,2341.74707,1319.949707,80.17240143,163.1692505,183,-0.367233276,-0.147567749,0.395773319,21,3.599574769,1.189170275,-3.393264362,3.595604118,-70.68697592,N,0.359560412,CCW,0.7625,0.655941697,0.7625,0.2375,80,2340.97411,1322.155329,79.7901446,False,-1.110595703,-0.022705078,0.314720154,1.110827771,0.416209596,-1.187642527,0.2058306,1.258461441,1,2341,1334
20,ian_full_20220928_1510.png,2022-09-28T15:10:00,True,2341.77124,1337.238647,68.7755661,135.3095093,172,0.359165192,0.838451385,0.912140538,38,14.25159835,0.797130601,15.08331859,15.10436748,86.97481892,S,1.510436748,CCW,0.7375,0.750934125,0.7375,0.2625,80,2341.253105,1327.43449,75.93504213,False,0.024169922,17.28894043,-11.39683533,17.28895732,0.27899571,5.279161508,-3.855102475,5.286528619,1,2347,1340
21,ian_full_20220928_1520.png,2022-09-28T15:20:00,True,2361.68335,1331.619263,66.68628693,106.5970383,149,0.391918182,-0.588432312,0.707002438,32,20.59898043,20.43024427,4.184772321,20.85442879,11.57590062,E,2.085442879,CCW,0.756410256,0.606254975,0.756410256,0.243589744,78,2348.403691,1328.899161,72.69797781,False,19.91210938,-5.619384766,-2.089279175,20.68984255,7.150585493,1.464670312,-3.23706432,7.299050076,1,2345,1340
22,ian_full_20220928_1530.png,2022-09-28T15:30:00,True,2390.709717,1340.129028,59.71603012,41.02864838,118,0.570137024,-0.747047424,0.939753202,36,43.42039751,42.30602596,11.22986763,43.77110645,14.86597792,E,4.377110645,CCW,0.925,2.232718791,0.925,0.075,80,2363.2108,1332.829614,68.15429612,False,29.02636719,8.509765625,-6.970256805,30.24807602,14.80710909,3.930453672,-4.54368169,15.31988726,0,2345,1336
23,ian_full_20220928_1540.png,2022-09-28T15:40:00,True,2394.0,1339.333374,57.46979904,69.24160004,131,-1.18077755,-2.626678467,2.879874197,22,33.24822356,30.78920008,6.503759665,31.46861502,11.92753914,E,3.146861502,CCW,0.782051282,1.51861648,0.782051282,0.217948718,78,2373.98702,1335.10593,64.41472214,False,3.290283203,-0.795654297,-2.246231079,3.385118804,10.77622003,2.276315883,-3.739573976,11.01401526,0,2346,1333
24,ian_full_20220928_1550.png,2022-09-28T15:50:00,True,2393.118164,1336.91333,61.25459671,84.60147858,126,0.015106201,-0.182632446,0.183256126,25,19.2193427,19.13114411,1.807399837,19.2163308,5.396955254,E,1.92163308,CCW,0.8125,2.239385987,0.8125,0.1875,80,2380.68292,1335.73852,63.30867824,False,-0.881835938,-2.420043945,3.784797668,2.575703267,6.695900439,0.632589943,-1.1060439,6.725715778,0,2345,1332
25,ian_full_20220928_1600.png,2022-09-28T16:00:00,True,2394.168213,1334.127563,62.3588829,100.9432144,134,1.017242432,-0.300392151,1.060668473,19,12.53674009,13.4852925,-1.610956708,13.5811743,-6.812286308,E,1.35811743,CCW,0.8375,2.262068302,0.8375,0.1625,80,2385.402773,1335.174685,62.97624987,False,1.050048828,-2.785766602,1.104286194,2.977095581,4.719852375,-0.563834848,-0.332428367,4.753411005,0,2347,1333
26,ian_full_20220928_1610.png,2022-09-28T16:10:00,True,2396.895508,1334.661011,59.97703934,101.5825424,134,0.662092209,-0.754371643,1.003714436,15,10.8333171,11.49273505,-0.513674594,11.50420882,-2.559165535,E,1.150420882,CCW,0.8375,2.398356261,0.8375,0.1625,80,2389.42523,1334.994899,61.92652618,False,2.727294922,0.533447266,-2.381843567,2.778975274,4.022457267,-0.179786108,-1.049723687,4.026473085,0,2348,1331
27,ian_full_20220928_1620.png,2022-09-28T16:20:00,True,2394.43042,1327.283447,57.24117279,118.0126114,150,0.77763176,-1.370769501,1.57598229,15,7.620794042,5.00518989,-7.711451963,9.193389865,-57.01403701,NE,0.919338987,CCW,0.945945946,2.482782531,0.945945946,0.054054054,74,2391.177046,1332.295891,60.2866525,False,-2.465087891,-7.377563477,-2.735866547,7.778502501,1.751816462,-2.699008187,-1.639873688,3.217686453,0,2349,1329
28,ian_full_20220928_1630.png,2022-09-28T16:30:00,True,2396.176025,1326.175293,61.36597443,109.9479675,136,0.534939528,-0.768993378,0.936755631,18,6.969025779,4.998978898,-6.120598073,7.902626828,-50.75987863,NE,0.790262683,CCW,0.894736842,2.498015523,0.894736842,0.105263158,76,2392.926689,1330.153682,60.66441517,False,1.745605469,-1.108154297,4.124801636,2.067642232,1.749642614,-2.142209325,0.377762675,2.76591939,0,2347,1327
29,ian_full_20220928_1640.png,2022-09-28T16:40:00,True,2396.306396,1317.717773,54.81019592,99.1622467,138,-0.55300808,-1.424339294,1.527926818,23,11.69277137,3.379707377,-12.43590828,12.88697935,-74.79594172,N,1.288697935,CCW,0.9,2.567735254,0.9,0.1,80,2394.109587,1325.801114,58.61543843,False,0.130371094,-8.457519531,-6.555778503,8.458524295,1.182897582,-4.352567897,-2.048976737,4.510442771,0,2352,1328
30,ian_full_20220928_1650.png,2022-09-28T16:50:00,True,2391.82666,1317.636353,65.7430191,135.4328308,161,-0.630516529,-0.167697906,0.652436726,19,8.165995433,-2.282926533,-8.164761279,8.477917215,-105.6213779,N,0.847791722,CCW,0.95,2.527398758,0.95,0.05,80,2393.310562,1322.943447,61.11009167,False,-4.479736328,-0.081420898,10.93282318,4.480476195,-0.799024287,-2.857666448,2.494653234,2.967271025,0,2351,1331
31,ian_full_20220928_1700.png,2022-09-28T17:00:00,True,2390.657227,1313.086426,66.77177429,142.6283264,171,0.421092987,-1.218429565,1.289143091,23,9.169372103,-2.65333584,-9.857021589,10.20789232,-105.0658993,N,1.020789232,CCW,0.974358974,2.586675362,0.974358974,0.025641026,78,2392.381895,1319.49349,63.09168059,False,-1.169433594,-4.549926758,1.028755188,4.697808897,-0.928667544,-3.449957556,1.981588918,3.572762313,0,2350,1328
32,ian_full_20220928_1710.png,2022-09-28T17:10:00,True,2396.024902,1318.900146,68.50539398,152.2572327,173,0.721122742,-1.135993958,1.34554832,28,2.971847936,3.643007485,-0.59334333,3.691010681,-9.250641742,E,0.369101068,CCW,0.975,2.539969201,0.975,0.025,80,2393.656947,1319.28582,64.98648028,False,5.367675781,5.813720703,1.73361969,7.912729725,1.27505262,-0.207670166,1.894799688,1.291853738,0,2344,1321
33,ian_full_20220928_1720.png,2022-09-28T17:20:00,True,2394.515137,1308.981079,64.08700562,162.4737244,191,0.497032166,-4.747894287,4.773839245,23,5.568570265,0.85818924,-10.30474055,10.34041423,-85.23933533,N,1.034041423,CCW,0.9875,2.606560186,0.9875,0.0125,80,2393.957314,1315.67916,64.67166414,False,-1.509765625,-9.919067383,-4.418388367,10.03330902,0.300366234,-3.606659192,-0.314816131,3.619144982,0,2355,1333
34,ian_full_20220928_1730.png,2022-09-28T17:30:00,True,2396.60791,1303.848999,65.87967682,154.2885437,185,0.344527245,-1.784236908,1.817195742,30,10.30720887,2.650596444,-11.83016143,12.12346407,-77.3712103,N,1.212346407,CCW,1.0,2.232834138,1.0,0.0,80,2394.885022,1311.538604,65.09446858,False,2.092773438,-5.132080078,1.792671204,5.542377341,0.927708755,-4.140556502,0.422804436,4.243212425,0,2350,1317
35,ian_full_20220928_1740.png,2022-09-28T17:40:00,True,2392.059326,1311.07605,67.26654053,173.1397858,189,-0.07328558,-1.217819214,1.220022301,25,2.854153126,-2.825696296,-0.462554151,2.863305066,-170.703384,W,0.286330507,CCW,1.0,2.548081408,1.0,0.0,80,2393.896029,1311.37671,65.85469376,False,-4.548583984,7.227050781,1.386863708,8.539313746,-0.988993704,-0.161893953,0.760225181,1.002156773,0,2349,1320
1,maria_full_20170920_0000.png,2017-09-20T00:00:00,True,3985.548096,1808.80603,100.2052841,307.2812195,326,,,,0,,,,,,,,Uncertain,,,,,0,3985.548096,1808.80603,100.2052841,False,,,,,,,,,1,3983,1814
2,maria_full_20170920_0010.png,2017-09-20T00:10:00,True,3983.879395,1797.015381,102.6501389,178.8904266,213,-2.793842316,-1.313774109,3.087322026,29,10.53711814,-1.668701172,-11.79064941,11.90814751,-98.05542941,N,1.190814751,CCW,0.775,0.385557965,0.775,0.225,80,3984.96405,1804.679303,101.0609833,False,-1.668701172,-11.79064941,2.444854736,11.90814751,-0.58404541,-4.126727295,0.855699158,4.16785163,1,3994,1806
3,maria_full_20170920_0020.png,2017-09-20T00:20:00,True,3991.687012,1836.908691,99.0424881,186.4573364,251,0.0,0.0,0.0,33,32.92311785,6.722961426,32.22938843,32.92311785,78.21722016,S,3.292311785,Uncertain,,,,,0,3987.317087,1815.959589,100.35451,False,7.807617188,39.89331055,-3.607650757,40.65015514,2.353036499,11.28028595,-0.706473312,11.52309125,1,3993,1790
4,maria_full_20170920_0030.png,2017-09-20T00:30:00,True,3981.890869,1826.756348,103.1165237,275.6475525,306,-1.684082031,-3.59399128,3.968993022,37,14.86933976,-5.426217651,10.79675873,12.08361854,116.6831141,SW,1.208361854,CCW,0.7375,0.217643618,0.7375,0.2625,80,3985.417911,1819.738454,101.3212148,False,-9.796142578,-10.15234375,4.074035645,14.1079585,-1.899176178,3.778865555,0.966704823,4.229266489,1,3986,1807
5,maria_full_20170920_0040.png,2017-09-20T00:40:00,True,3977.936279,1823.283447,105.8970261,230.3368073,254,-1.272079468,-1.550392151,2.005468024,40,8.032526489,-7.481631317,3.544992783,8.278996376,154.6471809,SW,0.827899638,CCW,0.7,0.132970964,0.7,0.3,80,3982.79934,1820.979202,102.9227487,False,-3.954589844,-3.472900391,2.780502319,5.263061652,-2.618570961,1.240747474,1.601533946,2.897648732,1,3996,1809
6,maria_full_20170920_0050.png,2017-09-20T00:50:00,True,3979.757813,1822.905029,105.349144,211.9104767,230,0.0,0.0,0.0,33,3.599958106,-3.041527153,1.92582734,3.599958106,147.658919,SW,0.359995811,Uncertain,,,,,0,3981.734805,1821.653242,103.7719871,False,1.821533203,-0.378417969,-0.54788208,1.860425588,-1.064534504,0.674039569,0.849238337,1.259985337,1,3981,1808
7,maria_full_20170920_0100.png,2017-09-20T01:00:00,True,3985.123291,1800.0,107.5889206,194.4039764,241,-1.216215372,1.014099121,1.583533031,22,23.13031789,3.388485866,-21.65324153,21.91676767,-81.1059953,N,2.191676767,Uncertain,0.55,0.042717595,0.55,0.45,80,3982.920775,1814.074607,105.1079138,False,5.365478516,-22.9050293,2.239776611,23.52506593,1.185970053,-7.578634534,1.335926733,7.670868684,1,3975,1796
8,maria_full_20170920_0110.png,2017-09-20T01:10:00,True,3975.553955,1779.085815,102.9413834,278.0814819,348,0.120085955,1.596740723,1.601250003,34,37.34374024,-7.366820124,-34.98879156,35.75591663,-101.8898478,N,3.575591663,Uncertain,0.5875,0.042973014,0.5875,0.4125,80,3980.342388,1801.82853,104.3496281,False,-9.569335938,-20.91418457,-4.647537231,22.99946318,-2.578387044,-12.24607705,-0.758285654,12.51457082,1,3974,1799
9,maria_full_20170920_0120.png,2017-09-20T01:20:00,True,3956.177246,1806.976318,110.5899506,283.2407837,337,0.0,0.0,0.0,27,24.70736361,-24.16514207,5.147788414,24.70736361,167.9743026,W,2.470736361,Uncertain,,,,,0,3971.884588,1803.630256,106.533741,False,-19.37670898,27.89050293,7.6485672,33.96081573,-8.457799723,1.801725945,2.184112844,8.647577264,1,3976,1800
10,maria_full_20170920_0130.png,2017-09-20T01:30:00,True,3989.152588,1783.402832,107.8896103,239.5637665,291,0.747929573,1.647565842,1.809384384,26,27.41218494,17.26799945,-20.22742386,26.59572299,-49.51286378,NE,2.659572299,CW,0.6,-0.040638661,0.4,0.6,80,3977.928388,1796.550658,107.0082952,False,32.9753418,-23.57348633,-2.700340271,40.53495312,6.043799809,-7.079598351,0.474554254,9.308503045,1,3966,1799
11,maria_full_20170920_0140.png,2017-09-20T01:40:00,True,3985.331787,1791.340576,101.3411255,245.0634003,283,-0.090220928,0.978729248,0.982878811,32,9.718832977,7.403398864,-5.210081368,9.052914591,-35.13565352,NE,0.905291459,CCW,0.6875,0.196633871,0.6875,0.3125,80,3980.519578,1794.727129,105.0247858,False,-3.820800781,7.937744141,-6.548484802,8.809443833,2.591189602,-1.823528479,-1.983509416,3.168520107,1,3968,1798
12,maria_full_20170920_0150.png,2017-09-20T01:50:00,True,3982.081543,1789.974976,99.97914886,240.3786316,273,0.0,0.0,0.0,45,5.002269254,1.561965121,-4.752153475,5.002269254,-71.80504269,N,0.500226925,Uncertain,,,,,0,3981.066266,1793.063875,103.2588129,False,-3.250244141,-1.365600586,-1.361976624,3.525471874,0.546687792,-1.663253716,-1.765972938,1.750794239,1,3965,1798
13,maria_full_20170920_0200.png,2017-09-20T02:00:00,True,3986.792969,1784.213135,107.6396484,259.9742432,300,1.640460968,1.040969849,1.942866545,39,10.70249083,5.72670311,-8.850740579,10.54185644,-57.09588269,NE,1.054185644,CCW,0.911392405,1.056182403,0.911392405,0.088607595,79,3983.070612,1789.966116,104.7921053,False,4.711425781,-5.76184082,7.660499573,7.442871928,2.004346088,-3.097759203,1.533292441,3.689649756,1,3964,1795
14,maria_full_20170920_0210.png,2017-09-20T02:10:00,True,3960.824219,1802.437744,117.6567612,257.0233459,315,0.802246094,-2.091690063,2.240260279,48,27.26407886,-22.24639298,12.471628,25.50379394,150.7244219,SW,2.550379394,CCW,0.95,0.587099313,0.95,0.05,80,3975.284374,1794.331186,109.2947349,False,-25.96875,18.22460938,10.01711273,31.72557901,-7.786237542,4.3650698,4.502629543,8.92632788,1,3961,1794
15,maria_full_20170920_0220.png,2017-09-20T02:20:00,True,3986.355469,1782.633057,108.7322388,256.8834839,305,0.0,0.0,0.0,50,16.1063765,11.07109456,-11.6981293,16.1063765,-46.57745237,NE,1.61063765,Uncertain,,,,,0,3979.159257,1790.236841,109.0978612,False,25.53125,-19.8046875,-8.9245224,32.31207783,3.874883097,-4.094345255,-0.196873637,5.637231775,1,3960,1796
16,maria_full_20170920_0230.png,2017-09-20T02:30:00,True,3956.459229,1797.755127,118.2954788,306.3979492,363,-0.804367065,-2.805999756,2.919013704,49,24.20766166,-22.70002877,7.518286267,23.91267309,161.6750458,W,2.391267309,CCW,0.8125,0.271794513,0.8125,0.1875,80,3971.214247,1792.868241,112.3170274,False,-29.89624023,15.12207031,9.563240051,33.50316688,-7.945010069,2.631400193,3.219166154,8.369435583,1,3964,1788
17,maria_full_20170920_0240.png,2017-09-20T02:40:00,True,3953.980469,1790.41333,113.5729294,266.5411072,310,0.46033287,-1.670570374,1.732833438,50,17.71148683,-17.23377846,-2.454910801,17.40774848,-171.8928934,W,1.740774848,CCW,0.6375,0.061696644,0.6375,0.3625,80,3965.182425,1792.009022,112.7565931,False,-2.478759766,-7.341796875,-4.722549438,7.748950337,-6.031822463,-0.859218781,0.439565696,6.092711969,1,3964,1794
18,maria_full_20170920_0250.png,2017-09-20T02:50:00,True,3957.201172,1789.01123,110.5800552,260.8944092,293,0.0,0.0,0.0,50,8.525676052,-7.981252877,-2.99779163,8.525676052,-159.4136137,W,0.852567605,Uncertain,,,,,0,3962.388986,1790.959795,111.9948048,False,3.220703125,-1.402099609,-2.992874146,3.512664506,-2.793438507,-1.049227071,-0.761788248,2.983986618,1,3959,1795
19,maria_full_20170920_0300.png,2017-09-20T03:00:00,True,3964.681885,1796.792725,111.6279831,313.4526978,331,1.790293694,0.220136881,1.80377708,50,5.635250971,2.292898521,5.832929581,6.267411836,68.54043244,S,0.626741184,Uncertain,0.5375,-0.029522992,0.4625,0.5375,80,3963.191501,1793.00132,111.8664172,False,7.480712891,7.781494141,1.047927856,10.79410563,0.802514482,2.041525353,-0.128387612,2.193594143,1,3953,1792
20,maria_full_20170920_0310.png,2017-09-20T03:10:00,True,3953.716309,1766.649902,134.9695129,286.6576538,359,,,,0,,-9.475192134,-26.35141804,28.00315158,-109.7770874,N,2.800315158,CCW,0.6,43.97516146,0.6,0.4,30,3959.875183,1783.778324,119.9525007,False,-10.96557617,-30.14282227,23.34152985,32.07543601,-3.316317247,-9.222996313,8.086083499,9.801103054,1,3955,1786
21,maria_full_20170920_0320.png,2017-09-20T03:20:00,True,3946.985596,1757.206421,133.0720215,322.9043884,398,0.0,0.0,0.0,50,29.53315952,-12.88958778,-26.57190317,29.53315952,-115.8772512,NW,2.953315952,Uncertain,,,,,0,3955.363828,1774.478158,124.544333,False,-6.730712891,-9.443481445,-1.897491455,11.59663045,-4.511355722,-9.30016611,4.591832265,10.33660583,1,3957,1791
22,maria_full_20170920_0330.png,2017-09-20T03:30:00,True,3944.323242,1788.707886,121.6862564,283.6781311,331,-1.898262024,-0.591888428,1.98839901,1,17.41443042,-11.04058557,14.22972778,18.01054365,127.8072325,SW,1.801054365,CW,0.944444444,-14.0728813,0.055555556,0.944444444,36,3951.499623,1779.458563,123.5440062,False,-2.662353516,31.50146484,-11.38576508,31.61376937,-3.86420495,4.980404724,-1.000326804,6.303690277,1,3951,1788
23,maria_full_20170920_0340.png,2017-09-20T03:40:00,True,3946.709229,1786.526733,113.9733582,285.1976624,319,-0.573989868,-0.835540771,1.013702496,49,8.958053446,-4.790394293,7.068170715,8.538554605,124.1271321,SW,0.853855461,CW,0.6125,-0.117982083,0.3875,0.6125,80,3949.822985,1781.932422,120.1942794,False,2.385986328,-2.181152344,-7.712898254,3.232701085,-1.676638003,2.47385975,-3.349726812,2.988494112,1,3951,1789
24,maria_full_20170920_0350.png,2017-09-20T03:50:00,True,3971.958496,1770.819092,113.5704269,285.7011719,339,0.0,0.0,0.0,50,24.76866928,22.13551129,-11.11333064,24.76866928,-26.65934685,NE,2.476866928,Uncertain,,,,,0,3957.570414,1778.042757,117.875931,False,25.24926758,-15.7076416,-0.402931213,29.73643418,7.747428951,-3.889665723,-2.318348352,8.669034247,1,3954,1794
25,maria_full_20170920_0400.png,2017-09-20T04:00:00,True,3978.505859,1772.23645,115.9428024,349.1694946,397,-0.326554298,-1.869182348,1.897493178,50,21.62344994,20.93544562,-5.806306515,21.72570088,-15.50100028,E,2.172570088,Uncertain,0.55,0.109034099,0.55,0.45,80,3964.89782,1776.010549,117.199336,False,6.547363281,1.417358398,2.372375488,6.699020135,7.327405966,-2.03220728,-0.676595008,7.603995307,1,3950,1786
26,maria_full_20170920_0410.png,2017-09-20T04:10:00,True,3968.587646,1768.395996,118.8310471,400.3966675,432,-1.208438873,-3.322095871,3.535059474,50,6.512925404,3.689826761,-7.614553337,8.461456378,-64.14630374,NE,0.846145638,CCW,0.7,0.309165772,0.7,0.3,80,3966.189259,1773.345456,117.7704349,False,-9.918212891,-3.840454102,2.888244629,10.63579027,1.291439366,-2.665093668,0.571098865,2.961509732,1,3950,1791
27,maria_full_20170920_0420.png,2017-09-20T04:20:00,True,3968.737305,1768.001953,119.3003998,419.1705017,448,0.0,0.0,0.0,50,5.919928784,2.548045598,-5.343502637,5.919928784,-64.50589148,NE,0.591992878,Uncertain,,,,,0,3967.081075,1771.47523,118.3059226,False,0.149658203,-0.394042969,0.469352722,0.421506155,0.891815959,-1.870225923,0.535487715,2.071975074,1,3949,1788
28,maria_full_20170920_0430.png,2017-09-20T04:30:00,True,3943.131836,1787.683472,116.733345,372.4472656,422,-3.016876221,-3.10959053,4.332562221,49,28.48407386,-23.94923911,16.20824184,28.91838788,145.9108479,SW,2.891838788,CCW,0.7875,0.342158968,0.7875,0.2125,80,3958.698841,1777.148114,117.7555204,False,-25.60546875,19.68151855,-2.567054749,32.29554462,-8.382233689,5.672884644,-0.550402147,10.12143576,1,3940,1787
29,maria_full_20170920_0440.png,2017-09-20T04:40:00,True,3938.548096,1806.099121,119.9505005,356.6775208,421,0.191253662,-2.321015358,2.328881761,49,37.30598202,-20.15074566,28.95100661,35.27340832,124.8390434,SW,3.527340832,CCW,0.8125,0.296220009,0.8125,0.1875,80,3951.64608,1787.280967,118.5237635,False,-4.583740234,18.41564941,3.217155457,18.97753456,-7.05276098,10.13285231,0.768243014,12.34569291,1,3949,1785
30,maria_full_20170920_0450.png,2017-09-20T04:50:00,True,3939.491943,1805.838623,120.5799026,367.147522,415,0.0,0.0,0.0,50,22.18354463,-12.15413702,18.55765625,22.18354463,123.222362,SW,2.218354463,Uncertain,,,,,0,3947.392132,1793.776146,119.2434122,False,0.943847656,-0.260498047,0.629402161,0.979136166,-4.253947957,6.495179687,0.719648715,7.764240619,1,3945,1788
1,dorian_full_20190901_1600.png,2019-09-01T16:00:00,True,2679.847168,1347.278442,67.16402435,246.9424744,266,,,,0,,,,,,,,Uncertain,,,,,0,2679.847168,1347.278442,67.16402435,False,,,,,,,,,0,2616,1323
2,dorian_full_20190901_1610.png,2019-09-01T16:10:00,True,2676.803955,1344.323242,67.93097687,205.8593597,224,0.369920731,0.371364594,0.524168874,50,4.766079564,-3.043212891,-2.955200195,4.241975117,-135.8406214,NW,0.424197512,Uncertain,0.5125,-0.067629499,0.4875,0.5125,80,2678.782043,1346.244122,67.43245773,False,-3.043212891,-2.955200195,0.766952515,4.241975117,-1.065124512,-1.034320068,0.26843338,1.484691291,0,2616,1323
3,dorian_full_20190901_1620.png,2019-09-01T16:20:00,True,2673.52417,1347.096802,66.44602203,183.5628052,204,0.455718994,0.180763245,0.49026029,50,5.752965407,-5.257873535,0.852679443,5.326565154,170.7884287,W,0.532656515,Uncertain,0.525,-0.129679284,0.475,0.525,80,2676.941788,1346.54256,67.08720524,False,-3.279785156,2.77355957,-1.484954834,4.295302476,-1.840255737,0.298437805,-0.345252495,1.864297804,0,2615,1323
4,dorian_full_20190901_1630.png,2019-09-01T16:30:00,True,2674.407715,1345.403809,65.5912323,201.4746246,219,0.569210052,0.064826965,0.57288971,50,3.328508092,-2.534072876,-1.138751526,2.778179328,-155.8019936,NW,0.277817933,Uncertain,0.5,0.022687653,0.5,0.5,80,2676.054862,1346.143997,66.56361471,False,0.883544922,-1.692993164,-0.854789734,1.909679942,-0.886925507,-0.398563034,-0.523590528,0.972362765,0,2616,1323
5,dorian_full_20190901_1640.png,2019-09-01T16:40:00,True,2661.573486,1342.838257,57.69852448,123.4094009,160,0.855182648,-0.16868782,0.871661025,50,15.6541089,-14.48137589,-3.30574025,14.85389397,-167.1411246,W,1.485389397,Uncertain,0.5375,-0.101512532,0.4625,0.5375,80,2670.986381,1344.986988,63.46083313,False,-12.83422852,-2.565551758,-7.892707825,13.08814263,-5.06848156,-1.157009087,-3.102781582,5.19886289,0,2616,1323
6,dorian_full_20190901_1650.png,2019-09-01T16:50:00,True,2670.401611,1334.450806,68.36727905,177.4259033,198,0.44392395,0.35634613,0.56925481,44,10.94099567,-0.584769325,-10.53618233,10.55239752,-93.17671755,N,1.055239752,Uncertain,0.55,0.052237906,0.55,0.45,80,2670.781711,1341.299324,65.1780892,False,8.828125,-8.387451172,10.66875458,12.17723812,-0.204669264,-3.687663817,1.717256074,3.693339131,0,2616,1323
7,dorian_full_20190901_1700.png,2019-09-01T17:00:00,True,2671.400879,1332.591797,68.55492401,185.5206146,204,1.240837097,-0.534538269,1.351076557,50,8.19659825,0.619167517,-8.707527306,8.729513171,-85.93270581,N,0.872951317,Uncertain,0.5375,0.139574687,0.5375,0.4625,80,2670.99842,1338.25169,66.35998138,False,0.999267578,-1.859008789,0.187644958,2.110556649,0.216708631,-3.047634557,1.181892183,3.05532961,0,2616,1323
8,dorian_full_20190901_1710.png,2019-09-01T17:10:00,True,2675.066895,1322.99585,71.63391113,175.0876312,209,0.854804993,-0.236639023,0.886955243,46,15.35916893,4.068474511,-15.25584001,15.78901958,-75.06770447,N,1.578901958,Uncertain,0.525,-0.05719335,0.475,0.525,80,2672.422386,1332.912146,68.2058568,False,3.666015625,-9.595947266,3.078987122,10.27238407,1.423966079,-5.339544005,1.845875412,5.526156854,0,2616,1323
9,dorian_full_20190901_1720.png,2019-09-01T17:20:00,True,2661.068848,1344.06897,66.9107132,186.6804047,219,1.1561203,-0.350517273,1.208087955,49,16.99736649,-11.35353844,11.15682411,15.91783777,135.5006856,SW,1.591783777,Uncertain,0.5,-0.018719691,0.5,0.5,80,2668.448648,1336.817034,67.75255654,False,-13.99804688,21.07312012,-4.723197937,25.29865032,-3.973738455,3.904888438,-0.45330026,5.57124322,0,2616,1323
