frame_index,filename,timestamp,found,x,y,r,score,inliers,flow_dx,flow_dy,flow_dist,flow_n,ransac_vs_flow_error,motion_dx,motion_dy,motion_dist,motion_angle_deg,motion_direction,motion_speed,rotation_label,rotation_score,mean_ang_deg,ccw_fraction,cw_fraction,rot_n,x_smooth,y_smooth,r_smooth,jump_flag,dx,dy,dr,dist_moved,dx_smooth,dy_smooth,dr_smooth,dist_moved_smooth,good_detection
1,iota_full_20201116_1200.png,2020-11-16T12:00:00,True,3880.3125,3072.539551,119.8250198,374.8081055,396,,,,0,,,,,,,,Uncertain,,,,,0,3880.3125,3072.539551,119.8250198,False,,,,,,,,,0
2,iota_full_20201116_1210.png,2020-11-16T12:10:00,True,3893.129395,3090.929688,107.0396576,217.208725,272,-1.471553087,-3.543926239,3.837301353,50,26.17752573,12.81689453,18.39013672,22.41584069,55.12566454,SE,2.241584069,CW,0.6125,-0.279951659,0.3875,0.6125,80,3884.798413,3078.976099,115.3501431,False,12.81689453,18.39013672,-12.78536224,22.41584069,4.485913086,6.436547852,-4.474876785,7.845544242,0
3,iota_full_20201116_1220.png,2020-11-16T12:20:00,True,3861.447998,3081.958984,100.7692337,252.8461761,313,-1.221523285,-4.239127159,4.411611747,42,23.27757119,-23.35041504,2.982885742,23.54016758,172.7202105,W,2.354016758,Uncertain,0.5125,-0.082807172,0.4875,0.5125,80,3876.625768,3080.020109,110.2468248,False,-31.68139648,-8.970703125,-6.270423889,32.92695549,-8.172645264,1.04401001,-5.103318272,8.239058654,0
4,iota_full_20201116_1230.png,2020-11-16T12:30:00,True,3848.519775,3065.105957,88.45584869,271.4591675,353,-1.467575073,-3.506813526,3.801515185,50,28.97814075,-28.10599243,-14.91415161,31.8178995,-152.0478095,NW,3.18178995,Uncertain,0.5625,-0.080685557,0.4375,0.5625,80,3866.78867,3074.800156,102.6199831,False,-12.92822266,-16.85302734,-12.31338501,21.24060902,-9.837097351,-5.219953064,-7.62684163,11.13626483,0
5,iota_full_20201116_1240.png,2020-11-16T12:40:00,True,3845.667969,3040.826904,93.5657196,310.5139465,384,-1.393066406,-3.244618416,3.53103139,50,36.5161399,-21.12070172,-33.97325128,40.00332291,-121.8686467,NW,4.000332291,Uncertain,0.575,-0.149369217,0.425,0.575,80,3859.396425,3062.909518,99.45099091,False,-2.851806641,-24.27905273,5.109870911,24.44596496,-7.392245602,-11.89063795,-3.168992241,14.00116302,0
6,iota_full_20201116_1250.png,2020-11-16T12:50:00,True,3841.772217,3038.385986,92.1545105,264.2722168,320,-1.476802826,-3.73638916,4.017654856,47,26.32192954,-17.62420807,-24.5235313,30.19960757,-125.7034869,NW,3.019960757,Uncertain,0.5625,-0.09548162,0.4375,0.5625,80,3853.227952,3054.326282,96.89722277,False,-3.895751953,-2.440917969,-1.411209106,4.59727787,-6.168472825,-8.583235956,-2.553768144,10.56986265,0
7,iota_full_20201116_1300.png,2020-11-16T13:00:00,True,3841.340088,3030.328857,97.60629272,305.1472473,355,-1.686767578,-4.094727516,4.428541328,42,22.36469782,-11.88786415,-23.99742425,26.78054676,-116.3529335,NW,2.678054676,CW,0.6125,-0.260012744,0.3875,0.6125,80,3849.0672,3045.927183,97.14539725,False,-0.432128906,-8.057128906,5.451782227,8.068708794,-4.160752454,-8.399098488,0.248174486,9.373191367,0
8,iota_full_20201116_1310.png,2020-11-16T13:10:00,True,3838.909912,3030.847656,98.39962006,365.4234619,405,-1.805805206,-4.116588593,4.49524572,48,13.78162811,-10.15728748,-15.07952694,18.18138118,-123.9634712,NW,1.818138118,CW,0.75,-0.512083763,0.25,0.75,80,3845.512149,3040.649349,97.58437523,False,-2.430175781,0.518798828,0.793327332,2.484935925,-3.555050618,-5.277834428,0.438977982,6.363483413,0
9,iota_full_20201116_1320.png,2020-11-16T13:20:00,True,3837.257324,3027.310303,97.22293854,371.8991699,410,-1.643930435,-3.937879562,4.267247675,48,11.49286102,-8.254824753,-13.33904602,15.68669119,-121.7511573,NW,1.568669119,CW,0.7,-0.524172842,0.3,0.7,80,3842.62296,3035.980683,97.45787239,False,-1.652587891,-3.537353516,-1.176681519,3.904345865,-2.889188664,-4.668666108,-0.126502843,5.490341917,0
10,iota_full_20201116_1330.png,2020-11-16T13:30:00,True,3835.875977,3023.682617,101.3396759,370.6998596,409,-1.651695251,-3.926330566,4.259597272,49,9.800403564,-6.746983746,-12.29806546,14.02726644,-118.7501217,NW,1.402726644,CW,0.7,-0.614733005,0.3,0.7,80,3840.261516,3031.67636,98.81650362,False,-1.381347656,-3.627685547,4.116737366,3.881781005,-2.361444311,-4.304322912,1.35863123,4.909543254,0
11,iota_full_20201116_1340.png,2020-11-16T13:40:00,True,3835.398926,3021.927246,102.128952,384.1134644,419,-1.724424362,-4.134022713,4.479261454,50,6.432521364,-4.862590216,-9.749113644,10.89449404,-116.5087611,NW,1.089449404,CW,0.75,-0.619000126,0.25,0.75,80,3838.559609,3028.26417,99.97586056,False,-0.477050781,-1.755371094,0.789276123,1.819039616,-1.701906576,-3.412189776,1.159356942,3.813072915,0
12,iota_full_20201116_1350.png,2020-11-16T13:50:00,True,3815.04541,3025.681885,97.04785156,310.3467102,357,-1.771884918,-4.283123016,4.635161155,49,21.80873867,-23.51419927,-2.582285197,23.65556518,-173.732998,W,2.365556518,CW,0.75,-0.599696366,0.25,0.75,80,3830.32964,3027.36037,98.95105741,False,-20.35351563,3.754638672,-5.081100464,20.69692996,-8.229969743,-0.903799819,-1.02480315,8.279447813,0
13,iota_full_20201116_1400.png,2020-11-16T14:00:00,True,3820.283691,3059.772949,91.60335541,230.6955414,293,-1.99546814,-3.636135101,4.14769473,49,36.93670294,-10.04594827,32.41257908,33.93370535,107.2202893,S,3.393370535,CW,0.725,-0.531964894,0.275,0.725,80,3826.813558,3038.704773,96.37936171,False,5.23828125,34.09106445,-5.444496155,34.49116214,-3.516081895,11.34440268,-2.571695702,11.87679687,0
14,iota_full_20201116_1410.png,2020-11-16T14:10:00,True,3823.435791,3054.501465,92.03642273,253.5926056,293,-1.630722046,-3.072191238,3.478162359,48,18.94958894,-3.377766768,15.79669202,16.15378554,102.0696522,S,1.615378554,CW,0.725,-0.484305784,0.275,0.725,80,3825.631339,3044.233615,94.85933307,False,3.152099609,-5.271484375,0.433067322,6.142009399,-1.182218369,5.528842208,-1.520028643,5.653824939,0
15,iota_full_20201116_1420.png,2020-11-16T14:20:00,True,3823.742676,3052.761475,93.83841705,267.3227844,296,-1.245227814,-2.969099045,3.219649274,48,11.51494973,-1.888663633,8.527859581,8.734497087,102.4877211,S,0.873449709,CW,0.6625,-0.256502757,0.3375,0.6625,80,3824.970307,3047.218366,94.50201246,False,0.306884766,-1.739990234,1.801994324,1.766845855,-0.661032272,2.984750853,-0.357320605,3.05707398,0
16,iota_full_20201116_1430.png,2020-11-16T14:30:00,True,3826.309326,3056.84668,76.34981537,204.5706787,241,-1.958414078,-2.759112358,3.383502136,50,12.81879058,1.339019029,9.628313806,9.72097725,82.08260199,S,0.972097725,Uncertain,0.575,-0.201592959,0.425,0.575,80,3825.438964,3050.588276,88.14874348,False,2.566650391,4.085205078,-17.48860168,4.82458234,0.46865666,3.369909832,-6.353268983,3.402342038,0
17,iota_full_20201116_1440.png,2020-11-16T14:40:00,True,3826.591553,3061.887207,71.86967468,204.3112335,241,-1.566972733,-2.422276497,2.884931017,49,13.98812209,1.152588931,11.29893132,11.35756621,84.17548097,S,1.135756621,Uncertain,0.5125,-0.042700008,0.4875,0.5125,80,3825.84237,3054.542902,82.4510694,False,0.282226563,5.040527344,-4.480140686,5.048422302,0.403406126,3.954625961,-5.697674079,3.975148173,0
18,iota_full_20201116_1450.png,2020-11-16T14:50:00,True,3812.613281,3021.173828,78.39784241,213.9286499,273,-0.702390194,-1.385776281,1.553617677,50,34.34893709,-13.22908868,-33.36907355,35.89573591,-111.6257308,N,3.589573591,Uncertain,0.55,-0.074091529,0.45,0.55,80,3821.212189,3042.863726,81.03243995,False,-13.97827148,-40.71337891,6.528167725,43.04615309,-4.630181038,-11.67917574,-1.418629448,12.56350757,0
19,iota_full_20201116_1500.png,2020-11-16T15:00:00,True,3811.534912,3015.540771,75.832901,219.2764282,273,-1.672066689,-2.803590775,3.264341931,48,25.7930724,-9.677276782,-27.32295445,28.98609194,-109.5031884,N,2.898609194,Uncertain,0.5625,-0.158511095,0.4375,0.5625,80,3817.825142,3033.300692,79.21260132,False,-1.078369141,-5.633056641,-2.564941406,5.735347166,-3.387046874,-9.563034057,-1.819838633,10.14513218,0
20,iota_full_20201116_1510.png,2020-11-16T15:10:00,True,3813.537354,3016.93335,78.54301453,240.3391266,274,-1.442666054,-3.124116421,3.4411319,50,13.54539599,-4.287788502,-16.36734227,16.9196638,-104.6800084,N,1.69196638,Uncertain,0.575,-0.211275497,0.425,0.575,80,3816.324416,3027.572122,78.97824594,False,2.002441406,1.392578125,2.710113525,2.439066506,-1.500725976,-5.728569793,-0.234355378,5.92188233,0
21,iota_full_20201116_1520.png,2020-11-16T15:20:00,True,3810.323242,3016.397949,77.87043762,257.1478271,287,-1.28565979,-3.251621246,3.496564289,47,9.219701569,-6.001173854,-11.17417286,12.68369926,-118.2383576,NW,1.268369926,Uncertain,0.55,-0.202104946,0.45,0.55,80,3814.224005,3023.661162,78.59051303,False,-3.214111328,-0.535400391,-0.672576904,3.258399179,-2.100410849,-3.910960502,-0.387732912,4.43929474,0
22,iota_full_20201116_1530.png,2020-11-16T15:30:00,True,3800.311035,3013.959717,75.92311096,192.7592316,229,-1.124652863,-3.180473328,3.373463302,50,14.35493382,-13.91297004,-9.701444783,16.96139045,-145.1121279,NW,1.696139045,Uncertain,0.55,-0.178480402,0.45,0.55,80,3809.354466,3020.265656,77.65692231,False,-10.01220703,-2.438232422,-1.94732666,10.30481766,-4.869539513,-3.395505674,-0.933590724,5.936486659,0
23,iota_full_20201116_1540.png,2020-11-16T15:40:00,True,3809.567627,3010.510986,78.73180389,198.0287323,224,-1.318660736,-3.562335491,3.798565557,50,6.378987389,0.213161273,-9.754669578,9.756998324,-88.74815874,N,0.975699832,Uncertain,0.575,0.357603472,0.575,0.425,80,3809.429072,3016.851522,78.03313086,False,9.256591797,-3.448730469,2.808692932,9.878169544,0.074606446,-3.414134352,0.376208556,3.414949414,0
24,iota_full_20201116_1550.png,2020-11-16T15:50:00,True,3819.176758,3028.591064,71.83717346,165.3015747,202,-1.46480155,-3.399307251,3.701477187,50,18.83891329,9.747685687,11.7395429,15.25890703,50.29615935,SE,1.525890703,CCW,0.625,0.277556331,0.625,0.375,80,3812.840762,3020.960362,75.86454577,False,9.609130859,18.08007813,-6.894630432,20.47497548,3.41168999,4.108840015,-2.16858509,5.34061746,0
25,iota_full_20201116_1600.png,2020-11-16T16:00:00,True,3804.407227,3035.068604,71.98090363,183.1467896,217,-1.626144409,-4.047030449,4.361513624,48,19.38954589,-8.433535554,14.10824195,16.43675798,120.8698708,SW,1.643675798,CCW,0.666666667,0.413619124,0.666666667,0.333333333,78,3809.889025,3025.898246,74.50527102,False,-14.76953125,6.477539063,0.143730164,16.1275406,-2.951737444,4.937884681,-1.359274751,5.752865292,0
26,iota_full_20201116_1610.png,2020-11-16T16:10:00,True,3803.806152,3030.079102,69.43074799,177.4351959,203,-1.431480408,-3.371382713,3.662698125,50,8.869709465,-6.082872329,4.180855312,7.381116915,145.4986375,SW,0.738111691,CCW,0.6,0.193741772,0.6,0.4,80,3807.760019,3027.361546,72.72918796,False,-0.601074219,-4.989501953,-2.55015564,5.02557658,-2.129005315,1.463299359,-1.776083062,2.58339092,0
27,iota_full_20201116_1620.png,2020-11-16T16:20:00,True,3800.124512,3032.144287,67.35752869,162.3991852,189,-1.206642151,-3.303712845,3.517172706,49,10.33058833,-7.635507639,4.7827415,9.009749894,147.9377282,SW,0.900974989,CCW,0.6,0.243343276,0.6,0.4,80,3805.087592,3029.035505,70.84910721,False,-3.681640625,2.065185547,-2.073219299,4.221311293,-2.672427673,1.673959525,-1.880080745,3.153412463,0
28,iota_full_20201116_1630.png,2020-11-16T16:30:00,True,3812.212646,3057.094482,66.15315247,155.5774078,205,-1.189590454,-3.050693512,3.274424583,49,32.20162951,7.125054801,28.05897729,28.9494838,75.75195207,S,2.89494838,CCW,0.725,0.351320583,0.725,0.275,80,3807.581361,3038.856147,69.20552305,False,12.08813477,24.95019531,-1.204376221,27.72427183,2.49376918,9.820642051,-1.643584162,10.13231933,0
29,iota_full_20201116_1640.png,2020-11-16T16:40:00,True,3797.532959,3033.576904,63.80679703,149.1920624,179,-0.862930298,-2.214561462,2.376748024,49,9.683241215,-10.04840188,-5.279242888,11.35080551,-152.2834015,NW,1.135080551,CCW,0.6375,0.384025577,0.6375,0.3625,80,3804.06442,3037.008412,67.31596894,False,-14.6796875,-23.51757813,-2.346355438,27.72308976,-3.516940658,-1.847735011,-1.889554108,3.97278193,0
30,iota_full_20201116_1650.png,2020-11-16T16:50:00,True,3814.796631,3053.077637,63.97754669,141.2150574,178,-0.827877045,-1.68652153,1.878758971,50,21.18731097,10.73221065,16.06922454,19.32356911,56.26208502,SE,1.932356911,Uncertain,0.5625,0.093265852,0.5625,0.4375,80,3807.820694,3042.632641,66.14752116,False,17.26367188,19.50073242,0.170749664,26.04444147,3.756273729,5.624228591,-1.168447788,6.763249187,0
1,ida_full_20210829_1000.png,2021-08-29T10:00:00,True,2057.712402,1262.891357,94.86387634,237.693512,242,,,,0,,,,,,,,Uncertain,,,,,0,2057.712402,1262.891357,94.86387634,False,,,,,,,,,0
2,ida_full_20210829_1010.png,2021-08-29T10:10:00,True,2069.038818,1257.877319,90.6955719,221.2685852,253,0.39831543,-0.572177887,0.697167638,47,11.79633436,11.32641602,-5.014038086,12.38661688,-23.87826881,NE,1.238661688,CCW,0.8625,0.59644809,0.8625,0.1375,80,2061.676648,1261.136444,93.40496979,False,11.32641602,-5.014038086,-4.168304443,12.38661688,3.964245605,-1.75491333,-1.458906555,4.335315907,0
3,ida_full_20210829_1020.png,2021-08-29T10:20:00,True,2057.148682,1262.194946,72.25930786,226.9785309,257,0.20173645,-1.119354248,1.137388029,50,5.207028604,-4.527966309,1.058502197,4.650043633,166.8422585,W,0.465004363,CCW,0.9,0.679495976,0.9,0.1,80,2060.09186,1261.50692,86.00398811,False,-11.89013672,4.317626953,-18.43626404,12.64979263,-1.584788208,0.370475769,-7.400981674,1.627515272,0
4,ida_full_20210829_1030.png,2021-08-29T10:30:00,True,2052.523193,1273.137939,71.55588531,220.6178284,255,1.38483429,-1.563171387,2.08836558,49,15.94527673,-7.568666382,11.63101959,13.87679097,123.0533059,SW,1.387679097,CCW,0.9125,0.881503645,0.9125,0.0875,80,2057.442827,1265.577777,80.94715213,False,-4.625488281,10.94299316,-0.703422546,11.88041419,-2.649033234,4.070856857,-5.056835979,4.856876839,0
5,ida_full_20210829_1040.png,2021-08-29T10:40:00,True,2049.684326,1261.557617,59.60266876,160.0486145,194,1.797859192,-0.770240784,1.955906066,48,10.09385849,-7.758500336,-4.020159531,8.738192611,-152.6085286,NW,0.873819261,CCW,0.9375,1.122618086,0.9375,0.0625,80,2054.727351,1264.170721,73.47658295,False,-2.838867188,-11.58032227,-11.95321655,11.92321394,-2.715475117,-1.407055836,-7.47056918,3.058367414,0
6,ida_full_20210829_1050.png,2021-08-29T10:50:00,True,2040.604614,1261.257813,58.6316185,126.321991,163,2.338897705,-0.61265564,2.417806735,30,16.62156985,-14.12273713,-2.912908382,14.42001177,-168.3457942,W,1.442001177,CCW,0.9875,0.990607982,0.9875,0.0125,80,2049.784393,1263.151203,68.28084539,False,-9.079711914,-0.299804688,-0.971050262,9.084660219,-4.942957996,-1.019517934,-5.195737559,5.047004118,0
7,ida_full_20210829_1100.png,2021-08-29T11:00:00,True,2039.415649,1261.897583,60.75183487,157.8501892,185,2.258340836,-0.605838776,2.338192454,26,12.64368978,-10.36874398,-1.253619941,10.44425271,-173.1061865,W,1.044425271,CCW,0.95,1.487462058,0.95,0.05,80,2046.155333,1262.712436,65.64569171,False,-1.188964844,0.639770508,2.12021637,1.350164324,-3.629060393,-0.438766979,-2.635153684,3.655488449,0
8,ida_full_20210829_1110.png,2021-08-29T11:10:00,True,2023.077515,1258.222778,61.97612762,179.1492615,220,2.591972351,-0.82087326,2.718851518,21,25.93064083,-23.07781835,-4.489657649,23.51048119,-168.9909473,W,2.351048119,CCW,0.975,1.618565976,0.975,0.025,80,2038.078097,1261.141056,64.36134428,False,-16.33813477,-3.674804688,1.224292755,16.74630816,-8.077236423,-1.571380177,-1.28434743,8.228668416,0
9,ida_full_20210829_1120.png,2021-08-29T11:20:00,True,2039.26062,1256.5,61.27892685,196.8221588,214,0.618968964,-0.808055878,1.017878617,14,3.874207287,1.18252354,-4.641055792,4.789338241,-75.70541078,N,0.478933824,CCW,0.9625,1.488792882,0.9625,0.0375,80,2038.49198,1259.516686,63.28249818,False,16.18310547,-1.72277832,-0.697200775,16.27454662,0.413883239,-1.624369527,-1.078846101,1.676268384,0
10,ida_full_20210829_1130.png,2021-08-29T11:30:00,True,2037.718872,1257.618286,61.38784027,224.999527,239,-1.291397095,-0.05115509,1.292409881,10,1.918577101,-0.773107746,-1.898400132,2.049785025,-112.1582038,N,0.204978502,CCW,0.95,1.608758325,0.95,0.05,80,2038.221392,1258.852246,62.61936791,False,-1.541748047,1.118286133,0.108913422,1.904613062,-0.270587711,-0.664440046,-0.663130268,0.717424759,0
11,ida_full_20210829_1140.png,2021-08-29T11:40:00,True,2022.003296,1266.502197,64.92102814,219.6225281,255,2.14389801,-2.330699921,3.16677451,21,20.89919198,-16.21809621,7.649951047,17.93177056,154.7471092,SW,1.793177056,CCW,0.935064935,1.325616786,0.935064935,0.064935065,77,2032.545058,1261.529729,63.42494899,False,-15.71557617,8.883911133,3.533187866,18.05278957,-5.676333672,2.677482866,0.805581079,6.276119698,0
12,ida_full_20210829_1150.png,2021-08-29T11:50:00,True,2037.561279,1256.134033,64.36425781,260.7718811,279,-1.61085701,-0.400362968,1.659864697,16,8.298886194,5.016220864,-5.395695882,7.367225109,-47.08729076,NE,0.736722511,CCW,0.987341772,1.332305314,0.987341772,0.012658228,79,2034.300736,1259.641236,63.75370708,False,15.5579834,-10.36816406,-0.556770325,18.69624758,1.755677302,-1.888493559,0.328758088,2.578528788,0
13,ida_full_20210829_1200.png,2021-08-29T12:00:00,True,2039.628906,1254.337402,66.84237671,255.7524567,278,-1.203170776,-0.820632935,1.456385365,12,7.921963363,5.328170515,-5.303833183,7.517981608,-44.86884655,NE,0.751798161,CCW,1.0,1.941467798,1.0,0.0,79,2036.165595,1257.784894,64.83474145,False,2.067626953,-1.796630859,2.478118896,2.739153822,1.86485968,-1.856341614,1.081034371,2.631293563,0
14,ida_full_20210829_1210.png,2021-08-29T12:10:00,True,2033.279541,1246.602173,62.47296143,208.6752777,238,-1.349439621,0.561638117,1.461651349,14,11.84445682,-2.8860544,-11.18272106,11.54913678,-104.4712111,N,1.154913678,CCW,1.0,2.063852414,1.0,0.0,80,2035.155476,1253.870942,64.00811844,False,-6.349365234,-7.735229492,-4.369415283,10.00740796,-1.01011904,-3.913952371,-0.826623008,4.042197872,0
15,ida_full_20210829_1220.png,2021-08-29T12:20:00,True,2027.260132,1255.094849,45.00397873,118.3111115,150,-0.305215359,0.774974823,0.832911995,14,7.603394056,-7.89534454,1.223907092,7.98964417,171.188355,W,0.798964417,CCW,0.8375,1.779496452,0.8375,0.1625,80,2032.392106,1254.299309,57.35666954,False,-6.01940918,8.492675781,-17.4689827,10.40955469,-2.763370589,0.428367482,-6.651448899,2.79637546,0
16,ida_full_20210829_1230.png,2021-08-29T12:30:00,True,2029.744141,1257.558105,53.31176758,146.8978882,162,-0.674613953,-0.394882202,0.781687878,7,4.152527261,-2.647965162,3.258796446,4.19898485,129.0959033,SW,0.419898485,CCW,0.873417722,1.757880473,0.873417722,0.126582278,79,2031.465318,1255.439888,55.94095385,False,2.484008789,2.463256836,8.307788849,3.498275847,-0.926787807,1.140578756,-1.415715687,1.469644698,0
17,ida_full_20210829_1240.png,2021-08-29T12:40:00,True,2017.672852,1247.338745,57.34079361,220.2263947,254,-0.720773697,-0.599624634,0.937584355,8,15.07122833,-13.79246642,-8.101142662,15.99564448,-149.5717291,NW,1.599564448,CCW,0.875,1.710596022,0.875,0.125,80,2026.637955,1252.604488,56.43089777,False,-12.07128906,-10.21936035,4.029026031,15.81617355,-4.827363246,-2.835399932,0.489943914,5.598475568,0
18,ida_full_20210829_1250.png,2021-08-29T12:50:00,True,2018.359131,1246.743042,57.86974716,264.8935852,285,-1.130491257,-0.508375168,1.23953854,2,8.930510904,-8.278823875,-5.861445855,10.14374055,-144.7013285,NW,1.014374055,CCW,0.936708861,1.94523855,0.936708861,0.063291139,79,2023.740366,1250.552982,56.93449506,False,0.686279297,-0.595703125,0.528953552,0.908758211,-2.897588356,-2.051506049,0.503597288,3.550309191,0
19,ida_full_20210829_1300.png,2021-08-29T13:00:00,True,2032.310425,1259.618042,53.27062225,148.7963562,173,-0.8235569,-0.456668854,0.941696559,2,13.37547506,8.570058427,9.065060194,12.47482336,46.60781834,SE,1.247482336,CCW,0.925,2.575469215,0.925,0.075,80,2026.739887,1253.725753,55.65213958,False,13.95129395,12.875,-4.599124908,18.98431531,2.999520449,3.172771068,-1.282355481,4.366188175,0
20,ida_full_20210829_1310.png,2021-08-29T13:10:00,True,2013.470093,1230.565186,51.28197479,177.1654968,222,1.228057861,-0.8014431,1.46643689,6,26.64804207,-13.26979405,-23.16056732,26.69268276,-119.8104534,NW,2.669268276,CCW,0.9875,2.169423101,0.9875,0.0125,80,2022.095459,1245.619554,54.1225819,False,-18.84033203,-29.05285645,-1.988647461,34.62696317,-4.644427919,-8.106198562,-1.529557674,9.342438965,1
21,ida_full_20210829_1320.png,2021-08-29T13:20:00,True,2010.263306,1231.335938,54.98804092,203.1115723,235,-1.534599304,-0.644939423,1.664614635,5,17.08956225,-11.83215324,-14.2836168,18.54781818,-129.6374111,NW,1.854781818,CCW,0.883116883,2.496039005,0.883116883,0.116883117,77,2017.954205,1240.620288,54.42549256,False,-3.206787109,0.770751953,3.706066132,3.298111905,-4.141253636,-4.999265882,0.302910658,6.491736365,1
22,ida_full_20210829_1330.png,2021-08-29T13:30:00,True,2009.366699,1237.231689,47.85713959,156.9204865,175,-0.68624115,-0.651157379,0.946008905,9,8.362031664,-8.587506054,-3.38859897,9.231893804,-158.4659864,W,0.92318938,CCW,0.95,3.00925678,0.95,0.05,80,2014.948578,1239.434279,52.12656902,False,-0.896606445,5.895751953,-7.130901337,5.963538732,-3.005627119,-1.186009639,-2.29892354,3.231162831,1
23,ida_full_20210829_1340.png,2021-08-29T13:40:00,True,2008.473389,1238.217651,51.91826248,194.7074432,207,-0.393562317,-0.836997986,0.924909144,5,6.093464325,-6.475189482,-1.216627416,6.5884946,-169.3587251,W,0.65884946,CCW,0.831168831,2.240426913,0.831168831,0.168831169,77,2012.682262,1239.008459,52.05366173,False,-0.893310547,0.985961914,4.061122894,1.330460307,-2.266316319,-0.425819596,-0.072907288,2.30597311,1
24,ida_full_20210829_1350.png,2021-08-29T13:50:00,True,2019.362549,1232.443115,44.89625549,91.74084473,114,0.278094053,-1.366713524,1.394719384,8,8.247049944,6.680286993,-6.565343953,9.36642811,-44.50281072,NE,0.936642811,CCW,0.975,3.444307101,0.975,0.025,80,2015.020362,1236.710589,49.54856955,False,10.88916016,-5.774536133,-7.022006989,12.32554569,2.338100448,-2.297870384,-2.505092183,3.278249838,1
25,ida_full_20210829_1400.png,2021-08-29T14:00:00,True,2020.041138,1230.404541,46.27992249,115.5263901,136,-3.85282135,0.59525919,3.898533809,5,11.24138592,5.020775413,-6.306047788,8.060671464,-51.47375173,NE,0.806067146,CCW,0.875,2.799676236,0.875,0.125,80,2016.777634,1234.503472,48.40454308,False,0.678588867,-2.038574219,1.383666992,2.148550138,1.757271394,-2.207116726,-1.144026472,2.821235012,1
26,ida_full_20210829_1410.png,2021-08-29T14:10:00,True,2017.322266,1231.495605,45.93283844,95.94139862,107,-1.212875366,-1.244953156,1.738095226,5,2.489316333,0.544631948,-3.007866609,3.056776979,-79.73670024,N,0.305677698,CCW,0.9,2.819174058,0.9,0.1,80,2016.968255,1233.450719,47.53944645,False,-2.71887207,1.091064453,-0.347084045,2.929622326,0.190621182,-1.052753313,-0.865096623,1.069871943,1
27,ida_full_20210829_1420.png,2021-08-29T14:20:00,True,2019.918701,1230.861572,45.43745041,96.992836,111,-1.721675873,-0.874762535,1.931159575,7,4.976729659,2.950446313,-2.589146499,3.925406099,-41.2683762,NE,0.39254061,CCW,0.936708861,2.555435151,0.936708861,0.063291139,79,2018.000911,1232.544517,46.80374784,False,2.596435547,-0.634033203,-0.495388031,2.672728129,1.03265621,-0.906201275,-0.735698616,1.373892135,1
28,ida_full_20210829_1430.png,2021-08-29T14:30:00,True,2016.457397,1231.267212,46.71569824,79.73305511,87,-0.747741699,0.105773926,0.755185919,4,1.595669715,-1.543513607,-1.277305576,2.003482915,-140.3911844,NW,0.200348292,CCW,0.906666667,2.201097106,0.906666667,0.093333333,75,2017.460681,1232.097461,46.77293048,False,-3.461303711,0.405639648,1.278247833,3.484991665,-0.540229763,-0.447056952,-0.030817358,0.70121902,1
29,ida_full_20210829_1440.png,2021-08-29T14:40:00,True,2017.019409,1231.844604,48.88638687,87.23110199,95,-0.241188049,-0.703897476,0.744072128,4,0.493428829,-0.441272126,-0.252856046,0.508583591,-150.1865954,NW,0.050858359,CCW,0.884615385,1.93668986,0.884615385,0.115384615,78,2017.306236,1232.008961,47.51264022,False,0.562011719,0.577392578,2.170688629,0.805753909,-0.154445244,-0.088499616,0.739709737,0.178004257,1
30,ida_full_20210829_1450.png,2021-08-29T14:50:00,True,2016.0,1231.680908,49.93182373,100.9003296,108,-1.043395996,-1.244840622,1.624285498,2,0.953721636,-1.306236062,-0.328052719,1.34680037,-165.9021085,W,0.134680037,CCW,0.95,2.527276284,0.95,0.05,80,2016.849053,1231.894142,48.35935445,False,-1.01940918,-0.163696289,1.045436859,1.032468668,-0.457182622,-0.114818452,0.84671423,0.471380129,1
1,ian_full_20220928_1200.png,2022-09-28T12:00:00,True,2335.091552734375,1356.4251708984375,90.76306152,207.0939788818359,223,,,,0,,,,,,,,Uncertain,,,,,0,2335.091552734375,1356.4251708984375,90.76306152,False,,,,,,,,,1
2,ian_full_20220928_1210.png,2022-09-28T12:10:00,True,2303.116943359375,1356.687988,80.71578979492188,119.41178131103516,178,1.6911544799804688,1.3765902519226074,2.1805972110516785,46,33.68418242949167,-31.97460938,0.262817383,31.975689479048707,179.52906421669832,W,3.1975689479048706,CCW,0.6375,0.8443661165723266,0.6375,0.3625,80,2323.900439453125,1356.517156982422,87.24651641845703,False,-31.97460938,0.262817383,-10.04727173,31.975689479048707,-11.19111328,0.091986084,-3.516545105,11.19149131766723,1
3,ian_full_20220928_1220.png,2022-09-28T12:20:00,True,2308.272705078125,1352.8182373046875,82.92832946777344,129.41514587402344,165,-0.851470947,-1.117141724,1.404638175730217,49,15.000117942538996,-15.62773437,-3.698919678,16.059517068638215,-166.6837516,W,1.6059517068638214,CW,0.675,-0.336334168,0.325,0.675,80,2318.430732421875,1355.2225350952149,85.73515098571778,False,5.155761719,-3.869750977,2.2125396728515625,6.446460386997998,-5.469707031,-1.294621887,-1.511365433,5.620830974023425,1
4,ian_full_20220928_1230.png,2022-09-28T12:30:00,True,2310.602783203125,1353.1781005859375,79.74864959716797,140.25413513183594,168,-0.593727589,-0.285083771,0.6586237210080794,50,7.445084124071583,-7.827949219,-2.044434509,8.090519231424546,-165.3629486,W,0.8090519231424546,CW,0.725,-0.53799202,0.275,0.725,80,2315.6909501953123,1354.5069830169678,83.63987549972535,False,2.330078125,0.359863281,-3.179679871,2.357703469437056,-2.739782227,-0.715552078,-2.095275486,2.8316817309986684,1
5,ian_full_20220928_1240.png,2022-09-28T12:40:00,True,2314.467773,1365.5,78.48207855,149.48948669433594,178,-1.391420841,-0.354883194,1.4359644977280228,50,11.34914730271848,-1.223176758,10.993016983032248,11.060858184159478,96.34910061375427,S,1.106085818415948,CW,0.7375,-0.554046109,0.2625,0.7375,80,2315.262838330078,1358.354538961029,81.83464656810762,False,3.864990234,12.32189941,-1.266571045,12.913843528635768,-0.428111865,3.8475559440612415,-1.805228932,3.871300364455772,1
6,ian_full_20220928_1250.png,2022-09-28T12:50:00,True,2313.446289,1346.4764404296875,78.88829040527344,141.95748901367188,175,-0.778744221,-0.454251289,0.9015468901938736,50,11.470890336988164,-1.816549268,-11.87809853,12.016200562648542,-98.69502637,N,1.2016200562648542,CW,0.7125,-0.358013674,0.2875,0.7125,80,2314.6270460864257,1354.1972044750594,80.80342191111565,False,-1.021484375,-19.02355957,0.4062118530273437,19.050964517671996,-0.635792244,-4.157334486,-1.031224657,4.20567019692708,1
7,ian_full_20220928_1300.png,2022-09-28T13:00:00,True,2321.050537109375,1350.6993408203125,78.95952606201172,186.503418,209,-0.197975159,-0.032112122,0.200562588,50,7.473636871312784,6.4234910229492925,-3.497863655,7.314115604029604,-28.5701688,NE,0.7314115604029604,Uncertain,0.5875,-0.208041273,0.4125,0.5875,80,2316.875267944458,1352.972952195898,80.15805836392927,False,7.604248047,4.222900391,0.071235657,8.698130607638806,2.2482218580321387,-1.224252279,-0.645363547,2.559940461410267,1
8,ian_full_20220928_1310.png,2022-09-28T13:10:00,True,2328.859619140625,1345.927001953125,77.94913482666016,131.44285583496094,164,0.2126617431640625,-0.371362209,0.4279426451250914,32,13.532287241787945,11.984351196167154,-7.045950243,13.902161285811117,-30.45251456,NE,1.3902161285811117,Uncertain,0.55,-0.106593508,0.45,0.55,80,2321.0697908631164,1350.5068696109274,79.38493512588508,False,7.809082031,-4.772338867,-1.010391235,9.151883983,4.194522918658549,-2.466082585,-0.773123238,4.86575645,1
9,ian_full_20220928_1320.png,2022-09-28T13:20:00,True,2330.285400390625,1348.098145,81.51380920410156,146.4945068359375,174,-0.244621277,-0.28055191,0.3722216322565209,21,9.696653439,9.215609527508605,-2.40872508,9.52519897288106,-14.64795644,E,0.952519897288106,Uncertain,0.5375,-0.131725775,0.4625,0.5375,80,2324.2952541977443,1349.6638158330402,80.13004105326084,False,1.42578125,2.171142578,3.5646743774414062,2.5974434098549355,3.225463334627875,-0.843053778,0.7451059273757608,3.333819640508273,1
10,ian_full_20220928_1330.png,2022-09-28T13:30:00,True,2331.719727,1344.570068359375,82.72177124023438,167.49317932128906,196,-0.185043335,-1.022657394,1.039263769287296,27,8.630092908981405,7.424472364755729,-5.093747474,9.003835472757821,-34.45305807,NE,0.9003835472757821,Uncertain,0.575,0.1340809673192373,0.575,0.425,80,2326.8938195254086,1347.8810042172572,81.03714661870157,False,1.434326172,-3.528076172,1.2079620361328125,3.8084922268369863,2.598565327664346,-1.782811616,0.9071055654407304,3.1513424154651957,1
11,ian_full_20220928_1340.png,2022-09-28T13:40:00,True,2331.455810546875,1352.360595703125,84.26363372802734,163.14781188964844,188,0.543121338,-0.300094604,0.6205139477219065,21,6.244734794684633,4.561991021466383,4.479591485867786,6.393629795366561,44.477855240168914,SE,0.6393629795366561,Uncertain,0.525,-0.062454985,0.475,0.525,80,2328.4905163829217,1349.448861237311,82.16641710696558,False,-0.263916016,7.790527344,1.5418624877929688,7.794996341052368,1.5966968575130522,1.5678570200536797,1.1292704882640123,2.237770428378135,1
12,ian_full_20220928_1350.png,2022-09-28T13:50:00,True,2337.266602,1331.185302734375,77.39797973632812,119.70610809326172,166,-0.41342926,0.033782959,0.4148072342086528,41,20.475348109714563,8.776085179578331,-18.2635585,20.26270565026735,-64.33458034,NE,2.026270565026735,Uncertain,0.55,-0.137027858,0.45,0.55,80,2331.562146195774,1343.0566157612834,80.49746402724247,False,5.810791016,-21.17529297,-6.865653992,21.958103846636245,3.071629812852279,-6.392245476,-1.66895308,7.091946977593442,1
13,ian_full_20220928_1400.png,2022-09-28T14:00:00,True,2360.843994140625,1334.260498046875,84.34810638427734,96.94307708740234,149,0.1846237182617187,-0.692993164,0.7171648644364401,29,30.20445472394487,29.28184794485105,-8.796117714,30.57447147,-16.71999974,E,3.057447147,CW,0.625,-0.269814387,0.375,0.625,80,2341.810792976472,1339.9779745612404,81.84518885220467,False,23.57739258,3.075195313,6.950126647949219,23.777095428017397,10.248646780697982,-3.0786412,1.3477248249621994,10.70106501588104,1
14,ian_full_20220928_1410.png,2022-09-28T14:10:00,True,2332.922119140625,1333.388916015625,82.00177001953125,151.5065155029297,179,0.6531867980957031,0.1296310424804687,0.6659258219810146,20,11.669956903895256,-8.888673836,-6.589058546,11.064547667104051,-143.4509397,NW,1.1064547667104052,CCW,0.825,0.5873996692349469,0.825,0.175,80,2338.6997571339257,1337.6718040702751,81.89999226076898,False,-27.921875,-0.871582031,-2.346336365,27.93547491546945,-3.111035843,-2.306170491,0.0548034085643109,3.8725916834862177,1
15,ian_full_20220928_1420.png,2022-09-28T14:20:00,True,2343.776123046875,1322.210449,79.98594665527344,134.46385192871094,170,-0.341583252,0.1660270690917968,0.3797948205098173,34,16.539928622768958,5.0763659129493135,-15.46135485,16.273382706952276,-71.8236433,N,1.6273382706952275,CCW,0.6125,0.2476267508186071,0.6125,0.3875,80,2340.4764852034577,1332.2603298722413,81.23007629884555,False,10.85400391,-11.1784668,-2.015823364,15.580998707583769,1.776728069532055,-5.411474198,-0.669915962,5.695683947433265,1
16,ian_full_20220928_1430.png,2022-09-28T14:30:00,True,2337.5,1322.790283203125,79.34999847,120.90318298339844,148,1.8218460083007812,-0.416107178,1.8687611033311768,26,10.246843549666464,-2.976485203,-9.470046669,9.926794451465367,-107.4482061,N,0.9926794451465368,Uncertain,0.5625,0.264233176702335,0.5625,0.4375,80,2339.4347153822473,1328.9458135380503,80.57204906019199,False,-6.276123047,0.579833984,-0.635948181,6.30285078,-1.041769821,-3.314516334,-0.658027239,3.4743780580130226,1
17,ian_full_20220928_1440.png,2022-09-28T14:40:00,True,2339.105712890625,1318.1231689453125,77.32938385009766,136.39849853515625,168,-0.159301758,-1.23299408,1.2432423136081552,31,9.591151927864482,-0.329002492,-10.82264459,10.827644186073677,-91.7412242,N,1.0827644186073675,CCW,0.65,0.6711426420543836,0.65,0.35,80,2339.3195645101796,1325.157887930592,79.43711623665897,False,1.605712891,-4.667114258,-2.020614624,4.935612361459925,-0.115150872,-3.787925607,-1.134932824,3.7896754651258977,1
18,ian_full_20220928_1450.png,2022-09-28T14:50:00,True,2342.857666015625,1319.972412109375,79.85768127441406,161.82342529296875,185,0.3547935485839844,-0.584358215,0.6836322007796682,16,5.594973884782911,3.538101505445411,-5.185475821,6.277525129799338,-55.6938947,NE,0.6277525129799338,CCW,0.7,0.6541630837923194,0.7,0.3,80,2340.5579000370853,1323.3429713931662,79.58431399987325,False,3.751953125,1.849243164,2.5282974243164062,4.182923921377145,1.2383355269057574,-1.814916537,0.1471977632142795,2.197133795429635,1
19,ian_full_20220928_1500.png,2022-09-28T15:00:00,True,2341.74707,1319.949707,80.17240142822266,163.16925048828125,183,-0.367233276,-0.147567749,0.3957733187358938,21,3.599574769183515,1.1891702754146536,-3.393264362,3.5956041180558502,-70.68697592,N,0.359560412,CCW,0.7625,0.6559416973531179,0.7625,0.2375,80,2340.97411,1322.1553288664954,79.79014459979554,False,-1.110595703,-0.022705078,0.3147201538085937,1.1108277707963443,0.4162095963947649,-1.187642527,0.2058305999222938,1.2584614413195023,1
20,ian_full_20220928_1510.png,2022-09-28T15:10:00,True,2341.771240234375,1337.2386474609375,68.77556610107422,135.30950927734375,172,0.3591651916503906,0.8384513854980469,0.9121405378212594,38,14.251598348962236,0.7971306008948886,15.083318594442062,15.104367481504305,86.97481892,S,1.5104367481504304,CCW,0.7375,0.7509341249312289,0.7375,0.2625,80,2341.2531053437933,1327.4344903745505,75.93504212524309,False,0.024169922,17.28894043,-11.39683533,17.288957324442862,0.27899571,5.279161508054813,-3.855102475,5.286528618526598,1
21,ian_full_20220928_1520.png,2022-09-28T15:20:00,True,2361.683349609375,1331.6192626953125,66.68628692626953,106.59703826904295,149,0.3919181823730469,-0.588432312,0.7070024381103996,32,20.59898042824776,20.43024426558168,4.184772320762249,20.85442878929919,11.57590061951344,E,2.085442878929919,CCW,0.7564102564102564,0.6062549754853416,0.7564102564102564,0.2435897435897435,78,2348.403690836747,1328.899160686817,72.69797780560233,False,19.91210938,-5.619384766,-2.089279175,20.689842553922475,7.150585492953724,1.4646703122666622,-3.23706432,7.299050076254825,1
22,ian_full_20220928_1530.png,2022-09-28T15:30:00,True,2390.709716796875,1340.1290283203125,59.71603012084961,41.02864837646485,118,0.5701370239257812,-0.747047424,0.9397532017656144,36,43.42039750620722,42.306025960127954,11.229867633495587,43.771106447117056,14.86597791539287,E,4.377110644711705,CCW,0.925,2.2327187907158907,0.925,0.075,80,2363.210799922792,1332.8296143585403,68.15429611593888,False,29.02636719,8.509765625,-6.970256805,30.24807602304663,14.807109086044877,3.930453671723398,-4.54368169,15.319887256491045,0
23,ian_full_20220928_1540.png,2022-09-28T15:40:00,True,2394.0,1339.3333740234375,57.46979904174805,69.24160004,131,-1.18077755,-2.626678467,2.879874196890032,22,33.248223560733095,30.78920007720808,6.5037596648971885,31.468615018349528,11.927539141561388,E,3.1468615018349526,CCW,0.782051282,1.5186164796599149,0.782051282,0.2179487179487179,78,2373.9870199498146,1335.1059302412543,64.41472213997208,False,3.290283203,-0.795654297,-2.246231079,3.385118803956836,10.776220027022646,2.276315882714016,-3.739573976,11.014015256422155,0
24,ian_full_20220928_1550.png,2022-09-28T15:50:00,True,2393.118164,1336.913330078125,61.25459671020508,84.60147857666016,126,0.015106201,-0.182632446,0.1832561260950707,25,19.219342702663937,19.131144112685433,1.8073998368706723,19.21633079520278,5.396955254385843,E,1.9216330795202776,CCW,0.8125,2.2393859867357664,0.8125,0.1875,80,2380.6829203892544,1335.7385201841591,63.30867823955363,False,-0.881835938,-2.420043945,3.7847976684570312,2.575703267,6.695900439439811,0.632589943,-1.1060439,6.725715778,0
25,ian_full_20220928_1600.png,2022-09-28T16:00:00,True,2394.168212890625,1334.1275634765625,62.358882904052734,100.9432144165039,134,1.017242431640625,-0.300392151,1.0606684727283011,19,12.536740086586263,13.485292501370624,-1.610956708,13.581174299789888,-6.812286308,E,1.3581174299789889,CCW,0.8375,2.2620683018965417,0.8375,0.1625,80,2385.4027727647344,1335.1746853365005,62.97624987212832,False,1.050048828,-2.785766602,1.1042861938476562,2.9770955812381583,4.719852375480059,-0.563834848,-0.332428367,4.753411004926806,0
26,ian_full_20220928_1610.png,2022-09-28T16:10:00,True,2396.895508,1334.6610107421875,59.97703934,101.5825424194336,134,0.6620922088623047,-0.754371643,1.003714436,15,10.833317099262125,11.492735047765564,-0.513674594,11.50420881534151,-2.559165535,E,1.150420881534151,CCW,0.8375,2.398356261377911,0.8375,0.1625,80,2389.4252300314524,1334.9948992284908,61.92652618488878,False,2.727294922,0.533447266,-2.381843567,2.778975274465023,4.022457266717993,-0.179786108,-1.049723687,4.026473085369574,0
27,ian_full_20220928_1620.png,2022-09-28T16:20:00,True,2394.430419921875,1327.283447265625,57.241172790527344,118.01261138916016,150,0.7776317596435547,-1.370769501,1.575982289794065,15,7.620794042271546,5.005189890422571,-7.711451963,9.193389865265967,-57.01403701,NE,0.9193389865265968,CCW,0.945945945945946,2.4827825308798355,0.945945945945946,0.054054054,74,2391.1770464931005,1332.2958910414875,60.28665249686228,False,-2.465087891,-7.377563477,-2.735866547,7.778502501074032,1.7518164616481045,-2.699008187,-1.639873688,3.2176864528432385,0
28,ian_full_20220928_1630.png,2022-09-28T16:30:00,True,2396.176025390625,1326.175293,61.36597442626953,109.94796752929688,136,0.5349395275115967,-0.768993378,0.9367556314314616,18,6.9690257790547285,4.9989788975244664,-6.120598073,7.902626828206912,-50.75987863,NE,0.7902626828206911,CCW,0.8947368421052632,2.498015522676172,0.8947368421052632,0.1052631578947368,76,2392.926689107234,1330.1536817160295,60.66441517215482,False,1.745605469,-1.108154297,4.1248016357421875,2.0676422316765617,1.749642614133336,-2.142209325,0.3777626752925371,2.765919389872293,0
29,ian_full_20220928_1640.png,2022-09-28T16:40:00,True,2396.306396484375,1317.717773,54.81019592285156,99.16224670410156,138,-0.55300808,-1.424339294,1.5279268181728236,23,11.692771371861912,3.3797073771411306,-12.43590828,12.886979346111357,-74.79594172,N,1.2886979346111356,CCW,0.9,2.567735253510824,0.9,0.1,80,2394.1095866892333,1325.801113818544,58.61543843489868,False,0.130371094,-8.457519531,-6.555778503,8.458524294672257,1.1828975819994412,-4.352567897,-2.048976737,4.510442771139074,0
30,ian_full_20220928_1650.png,2022-09-28T16:50:00,True,2391.82666,1317.6363525390625,65.7430191,135.43283081054688,161,-0.630516529,-0.167697906,0.6524367258897286,19,8.165995433048334,-2.282926533,-8.164761279,8.477917215090091,-105.6213779,N,0.8477917215090092,CCW,0.95,2.527398758388505,0.95,0.05,80,2393.31056240269,1322.9434473707256,61.110091669085506,False,-4.479736328,-0.081420898,10.932823181152344,4.480476195,-0.799024287,-2.857666448,2.4946532341868277,2.967271025,0
31,ian_full_20220928_1700.png,2022-09-28T17:00:00,True,2390.657227,1313.086426,66.77177429199219,142.62832641601562,171,0.4210929870605469,-1.218429565,1.289143091,23,9.169372103461338,-2.65333584,-9.857021589,10.20789232389437,-105.0658993,N,1.020789232389437,CCW,0.9743589743589745,2.5866753620157708,0.9743589743589745,0.025641026,78,2392.381894858623,1319.4934898144093,63.09168058710284,False,-1.169433594,-4.549926758,1.0287551879882812,4.697808896884718,-0.928667544,-3.449957556,1.9815889180173372,3.5727623133629076,0
32,ian_full_20220928_1710.png,2022-09-28T17:10:00,True,2396.024902,1318.900146484375,68.50539398,152.25723266601562,173,0.7211227416992188,-1.135993958,1.3455483195027538,28,2.9718479364505592,3.643007485126873,-0.59334333,3.6910106805570977,-9.250641742,E,0.3691010680557097,CCW,0.975,2.539969201,0.975,0.025,80,2393.656947478418,1319.2858196488971,64.98648028,False,5.367675781,5.813720703,1.7336196899414062,7.912729725,1.2750526197942236,-0.207670166,1.8947996881907585,1.2918537381948263,0
33,ian_full_20220928_1720.png,2022-09-28T17:20:00,True,2394.515137,1308.9810791015625,64.08700561523438,162.47372436523438,191,0.4970321655273437,-4.747894287,4.773839244793926,23,5.568570264660521,0.8581892403326492,-10.30474055,10.340414233487223,-85.23933533,N,1.0340414233487225,CCW,0.9875,2.6065601855987763,0.9875,0.0125,80,2393.957313712534,1315.67916,64.67166414427287,False,-1.509765625,-9.919067383,-4.418388367,10.033309024803655,0.3003662341166091,-3.606659192,-0.314816131,3.619144981720555,0
34,ian_full_20220928_1730.png,2022-09-28T17:30:00,True,2396.60791,1303.8489990234375,65.87967681884766,154.28854370117188,185,0.3445272445678711,-1.784236908,1.8171957423383336,30,10.307208872047388,2.650596444,-11.83016143,12.123464070116162,-77.3712103,N,1.212346407011616,CCW,1.0,2.2328341381547574,1.0,0.0,80,2394.8850224678345,1311.5386039554676,65.09446858037404,False,2.092773438,-5.132080078,1.7926712036132812,5.542377340906434,0.9277087553005005,-4.140556502,0.422804436,4.243212424540676,0
35,ian_full_20220928_1740.png,2022-09-28T17:40:00,True,2392.059326171875,1311.0760498046875,67.26654052734375,173.13978576660156,189,-0.07328558,-1.217819214,1.2200223005557451,25,2.8541531259906674,-2.825696296,-0.462554151,2.8633050657243797,-170.703384,W,0.2863305065724379,CCW,1.0,2.548081407959509,1.0,0.0,80,2393.8960287642485,1311.3767100026946,65.85469376181345,False,-4.548583984,7.227050781,1.3868637084960938,8.539313746295951,-0.988993704,-0.161893953,0.7602251814394094,1.0021567730036582,0
1,maria_full_20170920_0000.png,2017-09-20T00:00:00,True,3985.548095703125,1808.8060302734375,100.20528411865234,307.2812194824219,326,,,,0,,,,,,,,Uncertain,,,,,0,3985.548095703125,1808.8060302734375,100.20528411865234,False,,,,,,,,,1
2,maria_full_20170920_0010.png,2017-09-20T00:10:00,True,3983.879395,1797.015380859375,102.65013885498048,178.8904266357422,213,-2.793842316,-1.313774109,3.087322026292494,29,10.53711814272152,-1.668701172,-11.79064941,11.908147513629036,-98.05542941,N,1.1908147513629035,CCW,0.775,0.3855579650867273,0.775,0.225,80,3984.9640502929688,1804.6793029785156,101.06098327636718,False,-1.668701172,-11.79064941,2.444854736328125,11.908147513629036,-0.58404541,-4.126727295,0.8556991577148381,4.167851629770207,1
3,maria_full_20170920_0020.png,2017-09-20T00:20:00,True,3991.687012,1836.908691,99.04248809814452,186.45733642578125,251,0.0,0.0,0.0,33,32.92311784686141,6.722961426,32.22938842773442,32.92311784686141,78.21722015643303,S,3.2923117846861407,Uncertain,,,,,0,3987.317086791992,1815.9595889282227,100.35450996398924,False,7.807617188,39.89331055,-3.607650757,40.650155135447555,2.3530364990233466,11.28028594970715,-0.706473312,11.523091246401574,1
4,maria_full_20170920_0030.png,2017-09-20T00:30:00,True,3981.890869140625,1826.756348,103.11652374267578,275.6475524902344,306,-1.684082031,-3.59399128,3.9689930216409697,37,14.869339756069618,-5.426217651,10.796758728027273,12.08361854045554,116.68311407520748,SW,1.208361854045554,CCW,0.7375,0.2176436179759145,0.7375,0.2625,80,3985.4179106140136,1819.7384544830325,101.32121478652954,False,-9.796142578,-10.15234375,4.074035645,14.107958499695044,-1.899176178,3.7788655548097263,0.9667048225402936,4.229266489159592,1
5,maria_full_20170920_0040.png,2017-09-20T00:40:00,True,3977.936279296875,1823.283447265625,105.89702606201172,230.33680725097656,254,-1.272079468,-1.550392151,2.0054680236387896,40,8.032526488608836,-7.481631317,3.544992782592544,8.278996376,154.64718086594397,SW,0.827899638,CCW,0.7,0.1329709642423689,0.7,0.3,80,3982.799339653015,1820.979202,102.9227487329483,False,-3.954589844,-3.472900391,2.7805023193359375,5.2630616522603955,-2.618570961,1.2407474739075042,1.601533946418769,2.8976487316085806,1
6,maria_full_20170920_0050.png,2017-09-20T00:50:00,True,3979.757813,1822.905029296875,105.3491439819336,211.9104766845703,230,0.0,0.0,0.0,33,3.599958106113072,-3.041527153,1.92582734,3.599958106113072,147.65891895577528,SW,0.3599958106113072,Uncertain,,,,,0,3981.734805,1821.653241525917,103.77198707009316,False,1.821533203,-0.378417969,-0.54788208,1.860425588,-1.064534504,0.6740395689771503,0.849238337,1.259985337139303,1
7,maria_full_20170920_0100.png,2017-09-20T01:00:00,True,3985.123291015625,1800.0,107.58892059326172,194.4039764404297,241,-1.216215372,1.014099121,1.5835330305050035,22,23.130317885865225,3.388485866164956,-21.65324153,21.916767668725715,-81.1059953,N,2.1916767668725714,Uncertain,0.55,0.0427175949635181,0.55,0.45,80,3982.9207752026177,1814.0746069918464,105.10791380320217,False,5.365478516,-22.9050293,2.239776611328125,23.52506592535578,1.185970053157689,-7.578634534,1.335926733108991,7.670868684053948,1
8,maria_full_20170920_0110.png,2017-09-20T01:10:00,True,3975.553955078125,1779.0858154296875,102.9413833618164,278.08148193359375,348,0.1200859546661377,1.596740723,1.601250002934233,34,37.34374024118876,-7.366820124,-34.98879156,35.75591662545958,-101.8898478,N,3.575591662545958,Uncertain,0.5875,0.042973014,0.5875,0.4125,80,3980.342388159045,1801.8285299450904,104.34962814871712,False,-9.569335938,-20.91418457,-4.647537231,22.999463179079346,-2.578387044,-12.24607705,-0.758285654,12.51457081891088,1
9,maria_full_20170920_0120.png,2017-09-20T01:20:00,True,3956.177246,1806.976318359375,110.58995056152344,283.24078369140625,337,0.0,0.0,0.0,27,24.7073636107566,-24.16514207,5.147788414284378,24.7073636107566,167.9743026372816,W,2.4707363610756596,Uncertain,,,,,0,3971.884588436192,1803.6302558900904,106.53374099319932,False,-19.37670898,27.89050293,7.648567199707031,33.96081572542194,-8.457799723,1.801725944999589,2.1841128444822004,8.647577263764955,1
10,maria_full_20170920_0130.png,2017-09-20T01:30:00,True,3989.152587890625,1783.402832,107.88961029052734,239.5637664794922,291,0.747929573,1.647565841674805,1.8093843839576895,26,27.412184941794123,17.267999454433266,-20.22742386,26.595722985538217,-49.51286378,NE,2.6595722985538215,CW,0.6,-0.040638661,0.4,0.6,80,3977.928388245244,1796.550657539496,107.00829524726412,False,32.9753418,-23.57348633,-2.700340271,40.534953118056364,6.043799809051961,-7.079598351,0.4745542540647989,9.3085030449386,1
11,maria_full_20170920_0140.png,2017-09-20T01:40:00,True,3985.331787109375,1791.340576171875,101.34112548828124,245.0634002685547,283,-0.090220928,0.978729248,0.9828788108745922,32,9.718832976675053,7.403398864131304,-5.210081368,9.052914591370747,-35.13565352,NE,0.9052914591370748,CCW,0.6875,0.1966338706482136,0.6875,0.3125,80,3980.519578,1794.7271290608287,105.02478583162012,False,-3.820800781,7.937744141,-6.548484802,8.809443833297715,2.5911896024463204,-1.823528479,-1.983509416,3.1685201069800724,1
12,maria_full_20170920_0150.png,2017-09-20T01:50:00,True,3982.081543,1789.9749755859375,99.97914886,240.37863159179688,273,0.0,0.0,0.0,45,5.002269253881527,1.561965121059984,-4.752153475,5.002269253881527,-71.80504269,N,0.5002269253881527,Uncertain,,,,,0,3981.066265640061,1793.063875344617,103.2588128932142,False,-3.250244141,-1.365600586,-1.361976624,3.5254718739453854,0.5466877923709035,-1.663253716,-1.765972938,1.7507942388583766,1
13,maria_full_20170920_0200.png,2017-09-20T02:00:00,True,3986.792969,1784.213134765625,107.6396484,259.9742431640625,300,1.640460968017578,1.0409698486328125,1.942866545430177,39,10.702490832810604,5.726703109939081,-8.850740579,10.541856444953142,-57.09588269,NE,1.0541856444953142,CCW,0.9113924050632912,1.0561824029005071,0.9113924050632912,0.088607595,79,3983.070612,1789.966116,104.79210533371425,False,4.711425781,-5.76184082,7.660499572753906,7.442871927612795,2.0043460884789965,-3.097759203,1.533292440500034,3.6896497557336394,1
14,maria_full_20170920_0210.png,2017-09-20T02:10:00,True,3960.824219,1802.437744140625,117.6567611694336,257.0233459472656,315,0.802246094,-2.091690063,2.240260278758635,48,27.264078859618557,-22.24639298,12.471627998655094,25.503793943107127,150.72442185813983,SW,2.5503793943107125,CCW,0.95,0.5870993132480788,0.95,0.05,80,3975.284374186051,1794.3311859414991,109.294734876216,False,-25.96875,18.22460938,10.017112731933594,31.725579008645973,-7.786237542,4.365069799529238,4.502629542501779,8.926327880087353,1
15,maria_full_20170920_0220.png,2017-09-20T02:20:00,True,3986.355469,1782.633056640625,108.73223876953124,256.88348388671875,305,0.0,0.0,0.0,50,16.106376500748684,11.071094563948918,-11.6981293,16.106376500748684,-46.57745237,NE,1.6106376500748685,Uncertain,,,,,0,3979.159257283433,1790.236840686193,109.09786123887636,False,25.53125,-19.8046875,-8.9245224,32.31207782757333,3.874883097381826,-4.094345255,-0.196873637,5.637231775261746,1
16,maria_full_20170920_0230.png,2017-09-20T02:30:00,True,3956.459228515625,1797.755126953125,118.29547882080078,306.3979492,363,-0.804367065,-2.805999756,2.9190137042896596,49,24.20766166455139,-22.70002877,7.518286266931682,23.91267309,161.67504582415813,W,2.391267309,CCW,0.8125,0.2717945129535265,0.8125,0.1875,80,3971.214247,1792.8682408796194,112.3170273925499,False,-29.89624023,15.12207031,9.563240051269531,33.50316687550084,-7.945010069,2.6314001934260887,3.219166153673555,8.369435582536425,1
17,maria_full_20170920_0240.png,2017-09-20T02:40:00,True,3953.980469,1790.413330078125,113.57292938232422,266.5411071777344,310,0.4603328704833984,-1.670570374,1.732833438210631,50,17.711486833374668,-17.23377846,-2.454910801,17.40774848203117,-171.8928934,W,1.7407748482031171,CCW,0.6375,0.061696644,0.6375,0.3625,80,3965.1824247520553,1792.0090220990965,112.75659308897092,False,-2.478759766,-7.341796875,-4.722549438,7.748950337267692,-6.031822463,-0.859218781,0.4395656964210133,6.092711968710695,1
18,maria_full_20170920_0250.png,2017-09-20T02:50:00,True,3957.201172,1789.01123,110.5800552368164,260.8944091796875,293,0.0,0.0,0.0,50,8.525676052166151,-7.981252877,-2.99779163,8.525676052166151,-159.4136137,W,0.8525676052166151,Uncertain,,,,,0,3962.388986245086,1790.9597950284751,111.99480484071682,False,3.220703125,-1.402099609,-2.992874146,3.5126645063248345,-2.793438507,-1.049227071,-0.761788248,2.9839866182581343,1
19,maria_full_20170920_0300.png,2017-09-20T03:00:00,True,3964.681884765625,1796.792724609375,111.62798309326172,313.45269775390625,331,1.7902936935424805,0.2201368808746338,1.803777080312085,50,5.635250970948569,2.2928985205389836,5.832929580899872,6.267411835935677,68.54043244,S,0.6267411835935677,Uncertain,0.5375,-0.029522992,0.4625,0.5375,80,3963.1915007272746,1793.00132,111.86641722910753,False,7.480712891,7.781494141,1.0479278564453125,10.79410563282314,0.8025144821885988,2.041525353,-0.128387612,2.193594142577428,1
20,maria_full_20170920_0310.png,2017-09-20T03:10:00,True,3953.716309,1766.649902,134.96951293945312,286.65765380859375,359,,,,0,,-9.475192134,-26.35141804,28.003151583040587,-109.7770874,N,2.800315158304058,CCW,0.6,43.975161463387934,0.6,0.4,30,3959.8751834805407,1783.778324068476,119.95250072772848,False,-10.96557617,-30.14282227,23.341529846191406,32.075436005115364,-3.316317247,-9.222996313,8.086083498620951,9.801103054064352,1
21,maria_full_20170920_0320.png,2017-09-20T03:20:00,True,3946.985595703125,1757.2064208984375,133.0720215,322.9043884277344,398,0.0,0.0,0.0,50,29.533159518575136,-12.88958778,-26.57190317,29.533159518575136,-115.8772512,NW,2.9533159518575136,Uncertain,,,,,0,3955.363827758445,1774.4781579589626,124.54433299255476,False,-6.730712891,-9.443481445,-1.897491455,11.596630451298644,-4.511355722,-9.30016611,4.591832265,10.336605831501306,1
22,maria_full_20170920_0330.png,2017-09-20T03:30:00,True,3944.323242,1788.7078857421875,121.6862564086914,283.6781311035156,331,-1.898262024,-0.591888428,1.988399009848042,1,17.414430422593618,-11.04058557,14.229727783224916,18.01054364904188,127.80723253413235,SW,1.801054364904188,CW,0.9444444444444444,-14.0728813,0.055555556,0.9444444444444444,36,3951.4996228086143,1779.4585626830913,123.5440061882026,False,-2.662353516,31.50146484,-11.38576508,31.613769366277378,-3.86420495,4.980404724128675,-1.000326804,6.303690277164345,1
23,maria_full_20170920_0340.png,2017-09-20T03:40:00,True,3946.709228515625,1786.5267333984375,113.97335815429688,285.1976623535156,319,-0.573989868,-0.835540771,1.013702495591139,49,8.958053445964012,-4.790394293,7.068170715346241,8.538554605059733,124.12713205129474,SW,0.8538554605059734,CW,0.6125,-0.117982083,0.3875,0.6125,80,3949.822984806068,1781.9324224334623,120.1942793763356,False,2.385986328,-2.181152344,-7.712898254,3.232701084951335,-1.676638003,2.473859750371048,-3.349726812,2.988494111770845,1
24,maria_full_20170920_0350.png,2017-09-20T03:50:00,True,3971.958496,1770.819091796875,113.57042694091795,285.7011719,339,0.0,0.0,0.0,50,24.76866927804554,22.13551128768177,-11.11333064,24.76866927804554,-26.65934685,NE,2.476866927804554,Uncertain,,,,,0,3957.570413756757,1778.0427567106567,117.87593102393942,False,25.24926758,-15.7076416,-0.402931213,29.736434182915936,7.7474289506885725,-3.889665723,-2.318348352,8.669034247315919,1
25,maria_full_20170920_0400.png,2017-09-20T04:00:00,True,3978.505859,1772.2364501953125,115.94280242919922,349.16949462890625,397,-0.326554298,-1.869182348,1.8974931780690265,50,21.623449936642377,20.935445618243193,-5.806306515,21.725700876716193,-15.50100028,E,2.172570087671619,Uncertain,0.55,0.1090340985841196,0.55,0.45,80,3964.897819723142,1776.010549430286,117.19933601578036,False,6.547363281,1.417358398,2.372375488,6.699020134787033,7.327405966385413,-2.03220728,-0.676595008,7.603995306850982,1
26,maria_full_20170920_0410.png,2017-09-20T04:10:00,True,3968.587646484375,1768.395996,118.83104705810548,400.3966674804687,432,-1.208438873,-3.322095871,3.5350594742391452,50,6.512925404151094,3.689826761,-7.614553337,8.461456378358452,-64.14630374,NE,0.8461456378358452,CCW,0.7,0.3091657718293389,0.7,0.3,80,3966.1892590895736,1773.3454557624984,117.77043488059414,False,-9.918212891,-3.840454102,2.888244629,10.635790269179257,1.2914393664314048,-2.665093668,0.5710988648137914,2.961509732425469,1
27,maria_full_20170920_0420.png,2017-09-20T04:20:00,True,3968.737305,1768.001953,119.30039978027344,419.1705017089844,448,0.0,0.0,0.0,50,5.919928783867647,2.548045597926375,-5.343502637,5.919928783867647,-64.50589148,NE,0.5919928783867647,Uncertain,,,,,0,3967.081075048848,1771.475229839374,118.30592259548187,False,0.149658203,-0.394042969,0.4693527221679687,0.4215061553333679,0.8918159592744814,-1.870225923,0.5354877148877506,2.071975074353835,1
28,maria_full_20170920_0430.png,2017-09-20T04:30:00,True,3943.131836,1787.6834716796875,116.73334503173828,372.4472656,422,-3.016876221,-3.10959053,4.332562220876855,49,28.484073860465728,-23.94923911,16.208241840313576,28.91838787980093,145.91084792022173,SW,2.891838787980093,CCW,0.7875,0.3421589675843381,0.7875,0.2125,80,3958.698841359877,1777.1481144834838,117.75552044817164,False,-25.60546875,19.68151855,-2.567054749,32.29554462,-8.382233689,5.6728846441098995,-0.550402147,10.12143575793022,1
29,maria_full_20170920_0440.png,2017-09-20T04:40:00,True,3938.548095703125,1806.099121,119.95050048828124,356.6775207519531,421,0.191253662,-2.321015358,2.328881760675794,49,37.30598201723762,-20.15074566,28.951006610266177,35.27340831661672,124.8390434400843,SW,3.5273408316616717,CCW,0.8125,0.2962200092139998,0.8125,0.1875,80,3951.6460803800137,1787.2809667970769,118.5237635,False,-4.583740234,18.41564941,3.2171554565429688,18.977534557415215,-7.05276098,10.132852313593048,0.7682430140383616,12.345692910815629,1
30,maria_full_20170920_0450.png,2017-09-20T04:50:00,True,3939.491943359375,1805.838623046875,120.57990264892578,367.14752197265625,415,0.0,0.0,0.0,50,22.18354462664007,-12.15413702,18.55765624979813,22.18354462664007,123.22236204143896,SW,2.2183544626640073,Uncertain,,,,,0,3947.3921324227904,1793.7761464845062,119.24341217756051,False,0.943847656,-0.260498047,0.6294021606445312,0.979136165522604,-4.253947957,6.4951796874292995,0.719648715,7.764240619323863,1
1,dorian_full_20190901_1600.png,2019-09-01T16:00:00,True,2679.847168,1347.2784423828125,67.16402435302734,246.9424743652344,266,,,,0,,,,,,,,Uncertain,,,,,0,2679.847168,1347.2784423828125,67.16402435302734,False,,,,,,,,,0
2,dorian_full_20190901_1610.png,2019-09-01T16:10:00,True,2676.803955078125,1344.323242,67.93097686767578,205.85935974121097,224,0.3699207305908203,0.3713645935058594,0.5241688737712479,50,4.766079564010651,-3.043212891,-2.955200195,4.241975116857854,-135.8406214,NW,0.4241975116857854,Uncertain,0.5125,-0.067629499,0.4875,0.5125,80,2678.7820434570312,1346.244122314453,67.43245773,False,-3.043212891,-2.955200195,0.7669525146484375,4.241975116857854,-1.065124512,-1.034320068,0.2684333801269503,1.4846912909002803,0
3,dorian_full_20190901_1620.png,2019-09-01T16:20:00,True,2673.524169921875,1347.0968017578125,66.44602203,183.56280517578125,204,0.455718994,0.1807632446289062,0.49026029028396,50,5.752965407,-5.257873535,0.8526794433594205,5.326565154470957,170.78842873372028,W,0.5326565154470957,Uncertain,0.525,-0.129679284,0.475,0.525,80,2676.9417877197266,1346.542560119629,67.08720523834228,False,-3.279785156,2.77355957,-1.484954834,4.295302476104552,-1.840255737,0.2984378051758085,-0.345252495,1.8642978040648368,0
4,dorian_full_20190901_1630.png,2019-09-01T16:30:00,True,2674.407715,1345.403809,65.59123229980469,201.47462463378903,219,0.5692100524902344,0.064826965,0.5728897095341264,50,3.328508092016454,-2.534072876,-1.138751526,2.7781793279865186,-155.8019936,NW,0.2778179327986518,Uncertain,0.5,0.0226876527402375,0.5,0.5,80,2676.0548622131346,1346.1439970855713,66.56361470985412,False,0.883544922,-1.692993164,-0.854789734,1.9096799424336672,-0.886925507,-0.398563034,-0.523590528,0.972362765,0
5,dorian_full_20190901_1640.png,2019-09-01T16:40:00,True,2661.573486328125,1342.8382568359375,57.698524475097656,123.4094009399414,160,0.8551826477050781,-0.16868782,0.8716610245381134,50,15.654108903764778,-14.48137589,-3.30574025,14.85389397164885,-167.1411246,W,1.485389397164885,Uncertain,0.5375,-0.101512532,0.4625,0.5375,80,2670.9863806533813,1344.9869879981993,63.460833127689355,False,-12.83422852,-2.565551758,-7.892707825,13.088142626564576,-5.06848156,-1.157009087,-3.102781582,5.198862890077089,0
6,dorian_full_20190901_1650.png,2019-09-01T16:50:00,True,2670.401611328125,1334.4508056640625,68.36727905273438,177.4259033203125,198,0.4439239501953125,0.3563461303710937,0.5692548095426712,44,10.940995667903094,-0.584769325,-10.53618233,10.552397516296343,-93.17671755,N,1.0552397516296346,Uncertain,0.55,0.052237906,0.55,0.45,80,2670.7817113895417,1341.2993241812514,65.17808920145511,False,8.828125,-8.387451172,10.66875457763672,12.177238117742968,-0.204669264,-3.687663817,1.7172560737657534,3.6933391307036936,0
7,dorian_full_20190901_1700.png,2019-09-01T17:00:00,True,2671.400879,1332.591797,68.55492401123047,185.52061462402344,204,1.2408370971679688,-0.534538269,1.3510765569647356,50,8.196598249859443,0.6191675167083304,-8.707527306,8.729513171011394,-85.93270581,N,0.8729513171011394,Uncertain,0.5375,0.1395746865673946,0.5375,0.4625,80,2670.99842,1338.2516896240634,66.35998138487648,False,0.999267578,-1.859008789,0.1876449584960937,2.1105566494419015,0.2167086308481884,-3.047634557,1.1818921834213685,3.0553296098540748,0
8,dorian_full_20190901_1710.png,2019-09-01T17:10:00,True,2675.066895,1322.995849609375,71.63391113,175.08763122558594,209,0.8548049926757812,-0.236639023,0.8869552427422874,46,15.359168929536276,4.068474510860142,-15.25584001,15.789019583219398,-75.06770447,N,1.5789019583219397,Uncertain,0.525,-0.05719335,0.475,0.525,80,2672.422386099191,1332.9121456189223,68.20585679665409,False,3.666015625,-9.595947266,3.0789871215820312,10.272384070282811,1.423966078801186,-5.339544005,1.8458754117776124,5.526156854126747,0
9,dorian_full_20190901_1720.png,2019-09-01T17:20:00,True,2661.068848,1344.0689697265625,66.91071319580078,186.6804046630859,219,1.1561203002929688,-0.350517273,1.208087955152795,49,16.997366487829566,-11.35353844,11.156824107639975,15.917837772265326,135.50068559585054,SW,1.5917837772265326,Uncertain,0.5,-0.018719691,0.5,0.5,80,2668.4486476441616,1336.8170340565966,67.75255653635543,False,-13.99804688,21.07312012,-4.723197937,25.29865031554272,-3.973738455,3.904888437674117,-0.45330026,5.57124322,0
